Year,Borough,CapRate,NYCcr
2007.05,QNcr,6.3,6.11
2007.05,MNcr,5.4,6.11
2007.05,BXcr,7,6.11
2007.05,BKcr,5.74,6.11
2007.28,QNcr,6.14,6.025
2007.28,MNcr,5.21,6.025
2007.28,BXcr,7.03,6.025
2007.28,BKcr,5.72,6.025
2007.24,QNcr,6.14,6.025
2007.24,MNcr,5.21,6.025
2007.24,BXcr,7.03,6.025
2007.24,BKcr,5.72,6.025
2007.5,QNcr,5.97,5.935
2007.5,MNcr,5.02,5.935
2007.5,BXcr,7.06,5.935
2007.5,BKcr,5.69,5.935
2007.41,QNcr,5.97,5.935
2007.41,MNcr,5.02,5.935
2007.41,BXcr,7.06,5.935
2007.41,BKcr,5.69,5.935
2007.51,QNcr,5.97,5.935
2007.51,MNcr,5.02,5.935
2007.51,BXcr,7.06,5.935
2007.51,BKcr,5.69,5.935
2007.73,QNcr,5.81,5.85
2007.73,MNcr,4.83,5.85
2007.73,BXcr,7.09,5.85
2007.73,BKcr,5.67,5.85
2007.58,QNcr,5.81,5.85
2007.58,MNcr,4.83,5.85
2007.58,BXcr,7.09,5.85
2007.58,BKcr,5.67,5.85
2007.95,QNcr,5.71,5.795
2007.95,MNcr,4.68,5.795
2007.95,BXcr,7.15,5.795
2007.95,BKcr,5.64,5.795
2007.79,QNcr,5.71,5.795
2007.79,MNcr,4.68,5.795
2007.79,BXcr,7.15,5.795
2007.79,BKcr,5.64,5.795
2007.96,QNcr,5.71,5.795
2007.96,MNcr,4.68,5.795
2007.96,BXcr,7.15,5.795
2007.96,BKcr,5.64,5.795
2008.2,QNcr,5.7,5.845
2008.2,MNcr,4.67,5.845
2008.2,BXcr,7.24,5.845
2008.2,BKcr,5.77,5.845
2008.01,QNcr,5.7,5.845
2008.01,MNcr,4.67,5.845
2008.01,BXcr,7.24,5.845
2008.01,BKcr,5.77,5.845
2008.19,QNcr,5.7,5.845
2008.19,MNcr,4.67,5.845
2008.19,BXcr,7.24,5.845
2008.19,BKcr,5.77,5.845
2008.18,QNcr,5.7,5.845
2008.18,MNcr,4.67,5.845
2008.18,BXcr,7.24,5.845
2008.18,BKcr,5.77,5.845
2008.43,QNcr,5.77,5.9525
2008.43,MNcr,4.82,5.9525
2008.43,BXcr,7.37,5.9525
2008.43,BKcr,5.85,5.9525
2008.21,QNcr,5.77,5.9525
2008.21,MNcr,4.82,5.9525
2008.21,BXcr,7.37,5.9525
2008.21,BKcr,5.85,5.9525
2008.41,QNcr,5.77,5.9525
2008.41,MNcr,4.82,5.9525
2008.41,BXcr,7.37,5.9525
2008.41,BKcr,5.85,5.9525
2008.58,QNcr,5.9,6.0925
2008.58,MNcr,5.01,6.0925
2008.58,BXcr,7.53,6.0925
2008.58,BKcr,5.93,6.0925
2008.3,QNcr,5.9,6.0925
2008.3,MNcr,5.01,6.0925
2008.3,BXcr,7.53,6.0925
2008.3,BKcr,5.93,6.0925
2008.64,QNcr,5.9,6.3675
2008.64,MNcr,5.01,6.3675
2008.64,BXcr,7.53,6.3675
2008.64,BKcr,5.93,6.3675
2008.63,QNcr,5.9,6.0925
2008.63,MNcr,5.01,6.0925
2008.63,BXcr,7.53,6.0925
2008.63,BKcr,5.93,6.0925
2008.99,QNcr,6.04,6.55375
2008.99,MNcr,5.2,6.55375
2008.99,BXcr,7.67,6.55375
2008.99,BKcr,6.05,6.55375
2008.38,QNcr,6.04,6.24
2008.38,MNcr,5.2,6.24
2008.38,BXcr,7.67,6.24
2008.38,BKcr,6.05,6.24
2008.87,QNcr,6.04,6.24
2008.87,MNcr,5.2,6.24
2008.87,BXcr,7.67,6.24
2008.87,BKcr,6.05,6.24
2008.86,QNcr,6.04,6.24
2008.86,MNcr,5.2,6.24
2008.86,BXcr,7.67,6.24
2008.86,BKcr,6.05,6.24
2009.21,QNcr,6.17,6.3774999999999995
2009.21,MNcr,5.41,6.3774999999999995
2009.21,BXcr,7.76,6.3774999999999995
2009.21,BKcr,6.17,6.3774999999999995
2008.47,QNcr,6.17,6.3774999999999995
2008.47,MNcr,5.41,6.3774999999999995
2008.47,BXcr,7.76,6.3774999999999995
2008.47,BKcr,6.17,6.3774999999999995
2009.09,QNcr,6.17,6.3774999999999995
2009.09,MNcr,5.41,6.3774999999999995
2009.09,BXcr,7.76,6.3774999999999995
2009.09,BKcr,6.17,6.3774999999999995
2009.38,QNcr,6.3,6.495
2009.38,MNcr,5.63,6.495
2009.38,BXcr,7.78,6.495
2009.38,BKcr,6.27,6.495
2008.55,QNcr,6.3,6.495
2008.55,MNcr,5.63,6.495
2008.55,BXcr,7.78,6.495
2008.55,BKcr,6.27,6.495
2009.32,QNcr,6.3,6.495
2009.32,MNcr,5.63,6.495
2009.32,BXcr,7.78,6.495
2009.32,BKcr,6.27,6.495
2009.31,QNcr,6.3,6.495
2009.31,MNcr,5.63,6.495
2009.31,BXcr,7.78,6.495
2009.31,BKcr,6.27,6.495
2009.6,QNcr,6.44,6.6425
2009.6,MNcr,5.82,6.6425
2009.6,BXcr,7.75,6.6425
2009.6,BKcr,6.56,6.6425
2008.64,QNcr,6.44,6.3675
2008.64,MNcr,5.82,6.3675
2008.64,BXcr,7.75,6.3675
2008.64,BKcr,6.56,6.3675
2009.54,QNcr,6.44,6.6425
2009.54,MNcr,5.82,6.6425
2009.54,BXcr,7.75,6.6425
2009.54,BKcr,6.56,6.6425
2009.82,QNcr,6.58,6.755
2009.82,MNcr,6.07,6.755
2009.82,BXcr,7.68,6.755
2009.82,BKcr,6.69,6.755
2008.71,QNcr,6.58,6.755
2008.71,MNcr,6.07,6.755
2008.71,BXcr,7.68,6.755
2008.71,BKcr,6.69,6.755
2009.77,QNcr,6.58,6.755
2009.77,MNcr,6.07,6.755
2009.77,BXcr,7.68,6.755
2009.77,BKcr,6.69,6.755
2010.06,QNcr,6.68,6.835
2010.06,MNcr,6.27,6.835
2010.06,BXcr,7.61,6.835
2010.06,BKcr,6.78,6.835
2008.8,QNcr,6.68,6.343333333333334
2008.8,MNcr,6.27,6.343333333333334
2008.8,BXcr,7.61,6.343333333333334
2008.8,BKcr,6.78,6.343333333333334
2010,QNcr,6.68,6.835
2010,MNcr,6.27,6.835
2010,BXcr,7.61,6.835
2010,BKcr,6.78,6.835
2009.99,QNcr,6.68,6.835
2009.99,MNcr,6.27,6.835
2009.99,BXcr,7.61,6.835
2009.99,BKcr,6.78,6.835
2010.28,QNcr,6.7,6.875
2010.28,MNcr,6.47,6.875
2010.28,BXcr,7.55,6.875
2010.28,BKcr,6.78,6.875
2008.89,QNcr,6.7,6.875
2008.89,MNcr,6.47,6.875
2008.89,BXcr,7.55,6.875
2008.89,BKcr,6.78,6.875
2010.22,QNcr,6.7,6.875
2010.22,MNcr,6.47,6.875
2010.22,BXcr,7.55,6.875
2010.22,BKcr,6.78,6.875
2010.49,QNcr,6.62,6.8675
2010.49,MNcr,6.66,6.8675
2010.49,BXcr,7.5,6.8675
2010.49,BKcr,6.69,6.8675
2008.99,QNcr,6.62,6.55375
2008.99,MNcr,6.66,6.55375
2008.99,BXcr,7.5,6.55375
2008.99,BKcr,6.69,6.55375
2010.45,QNcr,6.62,6.8675
2010.45,MNcr,6.66,6.8675
2010.45,BXcr,7.5,6.8675
2010.45,BKcr,6.69,6.8675
2010.72,QNcr,6.46,6.8225
2010.72,MNcr,6.87,6.8225
2010.72,BXcr,7.45,6.8225
2010.72,BKcr,6.51,6.8225
2009.13,QNcr,6.46,6.8225
2009.13,MNcr,6.87,6.8225
2009.13,BXcr,7.45,6.8225
2009.13,BKcr,6.51,6.8225
2010.67,QNcr,6.46,6.8225
2010.67,MNcr,6.87,6.8225
2010.67,BXcr,7.45,6.8225
2010.67,BKcr,6.51,6.8225
2010.93,QNcr,6.28,6.7475000000000005
2010.93,MNcr,6.97,6.7475000000000005
2010.93,BXcr,7.41,6.7475000000000005
2010.93,BKcr,6.33,6.7475000000000005
2009.34,QNcr,6.28,6.7475000000000005
2009.34,MNcr,6.97,6.7475000000000005
2009.34,BXcr,7.41,6.7475000000000005
2009.34,BKcr,6.33,6.7475000000000005
2010.9,QNcr,6.28,6.7475000000000005
2010.9,MNcr,6.97,6.7475000000000005
2010.9,BXcr,7.41,6.7475000000000005
2010.9,BKcr,6.33,6.7475000000000005
2011.16,QNcr,6.12,6.6425
2011.16,MNcr,6.9,6.6425
2011.16,BXcr,7.38,6.6425
2011.16,BKcr,6.17,6.6425
2009.56,QNcr,6.12,6.6425
2009.56,MNcr,6.9,6.6425
2009.56,BXcr,7.38,6.6425
2009.56,BKcr,6.17,6.6425
2011.13,QNcr,6.12,6.6425
2011.13,MNcr,6.9,6.6425
2011.13,BXcr,7.38,6.6425
2011.13,BKcr,6.17,6.6425
2011.12,QNcr,6.12,6.6425
2011.12,MNcr,6.9,6.6425
2011.12,BXcr,7.38,6.6425
2011.12,BKcr,6.17,6.6425
2011.39,QNcr,6.03,6.5725
2011.39,MNcr,6.76,6.5725
2011.39,BXcr,7.39,6.5725
2011.39,BKcr,6.11,6.5725
2009.79,QNcr,6.03,6.5725
2009.79,MNcr,6.76,6.5725
2009.79,BXcr,7.39,6.5725
2009.79,BKcr,6.11,6.5725
2011.35,QNcr,6.03,6.5725
2011.35,MNcr,6.76,6.5725
2011.35,BXcr,7.39,6.5725
2011.35,BKcr,6.11,6.5725
2011.62,QNcr,6.02,6.56
2011.62,MNcr,6.59,6.56
2011.62,BXcr,7.45,6.56
2011.62,BKcr,6.18,6.56
2010.01,QNcr,6.02,6.56
2010.01,MNcr,6.59,6.56
2010.01,BXcr,7.45,6.56
2010.01,BKcr,6.18,6.56
2011.58,QNcr,6.02,6.56
2011.58,MNcr,6.59,6.56
2011.58,BXcr,7.45,6.56
2011.58,BKcr,6.18,6.56
2011.57,QNcr,6.02,6.56
2011.57,MNcr,6.59,6.56
2011.57,BXcr,7.45,6.56
2011.57,BKcr,6.18,6.56
2011.84,QNcr,6.04,6.6175
2011.84,MNcr,6.55,6.6175
2011.84,BXcr,7.55,6.6175
2011.84,BKcr,6.33,6.6175
2010.24,QNcr,6.04,6.6175
2010.24,MNcr,6.55,6.6175
2010.24,BXcr,7.55,6.6175
2010.24,BKcr,6.33,6.6175
2011.81,QNcr,6.04,6.6175
2011.81,MNcr,6.55,6.6175
2011.81,BXcr,7.55,6.6175
2011.81,BKcr,6.33,6.6175
2011.8,QNcr,6.04,6.6175
2011.8,MNcr,6.55,6.6175
2011.8,BXcr,7.55,6.6175
2011.8,BKcr,6.33,6.6175
2012.07,QNcr,6.06,6.6925
2012.07,MNcr,6.62,6.6925
2012.07,BXcr,7.63,6.6925
2012.07,BKcr,6.46,6.6925
2010.47,QNcr,6.06,6.6925
2010.47,MNcr,6.62,6.6925
2010.47,BXcr,7.63,6.6925
2010.47,BKcr,6.46,6.6925
2012.03,QNcr,6.06,6.6925
2012.03,MNcr,6.62,6.6925
2012.03,BXcr,7.63,6.6925
2012.03,BKcr,6.46,6.6925
2012.3,QNcr,6.04,6.74
2012.3,MNcr,6.72,6.74
2012.3,BXcr,7.68,6.74
2012.3,BKcr,6.52,6.74
2010.69,QNcr,6.04,6.74
2010.69,MNcr,6.72,6.74
2010.69,BXcr,7.68,6.74
2010.69,BKcr,6.52,6.74
2012.26,QNcr,6.04,6.74
2012.26,MNcr,6.72,6.74
2012.26,BXcr,7.68,6.74
2012.26,BKcr,6.52,6.74
2012.25,QNcr,6.04,6.74
2012.25,MNcr,6.72,6.74
2012.25,BXcr,7.68,6.74
2012.25,BKcr,6.52,6.74
2012.52,QNcr,5.93,6.717499999999999
2012.52,MNcr,6.85,6.717499999999999
2012.52,BXcr,7.64,6.717499999999999
2012.52,BKcr,6.45,6.717499999999999
2010.92,QNcr,5.93,6.717499999999999
2010.92,MNcr,6.85,6.717499999999999
2010.92,BXcr,7.64,6.717499999999999
2010.92,BKcr,6.45,6.717499999999999
2012.48,QNcr,5.93,6.717499999999999
2012.48,MNcr,6.85,6.717499999999999
2012.48,BXcr,7.64,6.717499999999999
2012.48,BKcr,6.45,6.717499999999999
2012.75,QNcr,5.76,6.637499999999999
2012.75,MNcr,6.93,6.637499999999999
2012.75,BXcr,7.56,6.637499999999999
2012.75,BKcr,6.3,6.637499999999999
2011.15,QNcr,5.76,6.637499999999999
2011.15,MNcr,6.93,6.637499999999999
2011.15,BXcr,7.56,6.637499999999999
2011.15,BKcr,6.3,6.637499999999999
2012.71,QNcr,5.76,6.637499999999999
2012.71,MNcr,6.93,6.637499999999999
2012.71,BXcr,7.56,6.637499999999999
2012.71,BKcr,6.3,6.637499999999999
2012.68,QNcr,5.76,6.637499999999999
2012.68,MNcr,6.93,6.637499999999999
2012.68,BXcr,7.56,6.637499999999999
2012.68,BKcr,6.3,6.637499999999999
2012.96,QNcr,5.58,6.5200000000000005
2012.96,MNcr,6.94,6.5200000000000005
2012.96,BXcr,7.44,6.5200000000000005
2012.96,BKcr,6.12,6.5200000000000005
2011.37,QNcr,5.58,6.5200000000000005
2011.37,MNcr,6.94,6.5200000000000005
2011.37,BXcr,7.44,6.5200000000000005
2011.37,BKcr,6.12,6.5200000000000005
2012.94,QNcr,5.58,6.5200000000000005
2012.94,MNcr,6.94,6.5200000000000005
2012.94,BXcr,7.44,6.5200000000000005
2012.94,BKcr,6.12,6.5200000000000005
2012.87,QNcr,5.58,6.5200000000000005
2012.87,MNcr,6.94,6.5200000000000005
2012.87,BXcr,7.44,6.5200000000000005
2012.87,BKcr,6.12,6.5200000000000005
2013.17,QNcr,5.39,6.3774999999999995
2013.17,MNcr,6.9,6.3774999999999995
2013.17,BXcr,7.3,6.3774999999999995
2013.17,BKcr,5.92,6.3774999999999995
2011.6,QNcr,5.39,6.3774999999999995
2011.6,MNcr,6.9,6.3774999999999995
2011.6,BXcr,7.3,6.3774999999999995
2011.6,BKcr,5.92,6.3774999999999995
2013.16,QNcr,5.39,6.3774999999999995
2013.16,MNcr,6.9,6.3774999999999995
2013.16,BXcr,7.3,6.3774999999999995
2013.16,BKcr,5.92,6.3774999999999995
2013.05,QNcr,5.39,6.3774999999999995
2013.05,MNcr,6.9,6.3774999999999995
2013.05,BXcr,7.3,6.3774999999999995
2013.05,BKcr,5.92,6.3774999999999995
2013.37,QNcr,5.21,6.2275
2013.37,MNcr,6.82,6.2275
2013.37,BXcr,7.14,6.2275
2013.37,BKcr,5.74,6.2275
2011.82,QNcr,5.21,6.2275
2011.82,MNcr,6.82,6.2275
2011.82,BXcr,7.14,6.2275
2011.82,BKcr,5.74,6.2275
2013.39,QNcr,5.21,6.2275
2013.39,MNcr,6.82,6.2275
2013.39,BXcr,7.14,6.2275
2013.39,BKcr,5.74,6.2275
2013.26,QNcr,5.21,5.5875
2013.26,MNcr,6.82,5.5875
2013.26,BXcr,7.14,5.5875
2013.26,BKcr,5.74,5.5875
2013.57,QNcr,5.08,6.0725
2013.57,MNcr,6.69,6.0725
2013.57,BXcr,6.96,6.0725
2013.57,BKcr,5.56,6.0725
2012.05,QNcr,5.08,6.0725
2012.05,MNcr,6.69,6.0725
2012.05,BXcr,6.96,6.0725
2012.05,BKcr,5.56,6.0725
2013.6,QNcr,5.08,6.0725
2013.6,MNcr,6.69,6.0725
2013.6,BXcr,6.96,6.0725
2013.6,BKcr,5.56,6.0725
2013.48,QNcr,5.08,6.0725
2013.48,MNcr,6.69,6.0725
2013.48,BXcr,6.96,6.0725
2013.48,BKcr,5.56,6.0725
2013.75,QNcr,5.03,5.9275
2013.75,MNcr,6.52,5.9275
2013.75,BXcr,6.78,5.9275
2013.75,BKcr,5.38,5.9275
2012.28,QNcr,5.03,5.9275
2012.28,MNcr,6.52,5.9275
2012.28,BXcr,6.78,5.9275
2012.28,BKcr,5.38,5.9275
2013.8,QNcr,5.03,5.9275
2013.8,MNcr,6.52,5.9275
2013.8,BXcr,6.78,5.9275
2013.8,BKcr,5.38,5.9275
2013.71,QNcr,5.03,5.9275
2013.71,MNcr,6.52,5.9275
2013.71,BXcr,6.78,5.9275
2013.71,BKcr,5.38,5.9275
2013.96,QNcr,5.01,5.775
2013.96,MNcr,6.32,5.775
2013.96,BXcr,6.6,5.775
2013.96,BKcr,5.17,5.775
2012.46,QNcr,5.01,5.775
2012.46,MNcr,6.32,5.775
2012.46,BXcr,6.6,5.775
2012.46,BKcr,5.17,5.775
2013.98,QNcr,5.01,5.775
2013.98,MNcr,6.32,5.775
2013.98,BXcr,6.6,5.775
2013.98,BKcr,5.17,5.775
2013.94,QNcr,5.01,5.775
2013.94,MNcr,6.32,5.775
2013.94,BXcr,6.6,5.775
2013.94,BKcr,5.17,5.775
2014.13,QNcr,5.01,5.625
2014.13,MNcr,6.1,5.625
2014.13,BXcr,6.41,5.625
2014.13,BKcr,4.98,5.625
2012.61,QNcr,5.01,5.625
2012.61,MNcr,6.1,5.625
2012.61,BXcr,6.41,5.625
2012.61,BKcr,4.98,5.625
2014.17,QNcr,5.01,5.625
2014.17,MNcr,6.1,5.625
2014.17,BXcr,6.41,5.625
2014.17,BKcr,4.98,5.625
2014.16,QNcr,5.01,5.625
2014.16,MNcr,6.1,5.625
2014.16,BXcr,6.41,5.625
2014.16,BKcr,4.98,5.625
2014.31,QNcr,4.98,5.485
2014.31,MNcr,5.89,5.485
2014.31,BXcr,6.23,5.485
2014.31,BKcr,4.84,5.485
2012.73,QNcr,4.98,5.485
2012.73,MNcr,5.89,5.485
2012.73,BXcr,6.23,5.485
2012.73,BKcr,4.84,5.485
2014.36,QNcr,4.98,5.485
2014.36,MNcr,5.89,5.485
2014.36,BXcr,6.23,5.485
2014.36,BKcr,4.84,5.485
2014.39,QNcr,4.98,5.485
2014.39,MNcr,5.89,5.485
2014.39,BXcr,6.23,5.485
2014.39,BKcr,4.84,5.485
2014.53,QNcr,4.92,5.3475
2014.53,MNcr,5.72,5.3475
2014.53,BXcr,6.06,5.3475
2014.53,BKcr,4.69,5.3475
2012.86,QNcr,4.92,5.3475
2012.86,MNcr,5.72,5.3475
2012.86,BXcr,6.06,5.3475
2012.86,BKcr,4.69,5.3475
2014.58,QNcr,4.92,5.3475
2014.58,MNcr,5.72,5.3475
2014.58,BXcr,6.06,5.3475
2014.58,BKcr,4.69,5.3475
2014.61,QNcr,4.92,5.3475
2014.61,MNcr,5.72,5.3475
2014.61,BXcr,6.06,5.3475
2014.61,BKcr,4.69,5.3475
2014.76,QNcr,4.83,5.215
2014.76,MNcr,5.54,5.215
2014.76,BXcr,5.9,5.215
2014.76,BKcr,4.59,5.215
2013.01,QNcr,4.83,5.215
2013.01,MNcr,5.54,5.215
2013.01,BXcr,5.9,5.215
2013.01,BKcr,4.59,5.215
2014.8,QNcr,4.83,4.84875
2014.8,MNcr,5.54,4.84875
2014.8,BXcr,5.9,4.84875
2014.8,BKcr,4.59,4.84875
2014.84,QNcr,4.83,5.215
2014.84,MNcr,5.54,5.215
2014.84,BXcr,5.9,5.215
2014.84,BKcr,4.59,5.215
2014.98,QNcr,4.73,5.0649999999999995
2014.98,MNcr,5.26,5.0649999999999995
2014.98,BXcr,5.75,5.0649999999999995
2014.98,BKcr,4.52,5.0649999999999995
2013.09,QNcr,4.73,5.0649999999999995
2013.09,MNcr,5.26,5.0649999999999995
2013.09,BXcr,5.75,5.0649999999999995
2013.09,BKcr,4.52,5.0649999999999995
2015.03,QNcr,4.73,5.0649999999999995
2015.03,MNcr,5.26,5.0649999999999995
2015.03,BXcr,5.75,5.0649999999999995
2015.03,BKcr,4.52,5.0649999999999995
2015.07,QNcr,4.73,5.0649999999999995
2015.07,MNcr,5.26,5.0649999999999995
2015.07,BXcr,5.75,5.0649999999999995
2015.07,BKcr,4.52,5.0649999999999995
2015.21,QNcr,4.63,4.9475
2015.21,MNcr,5.06,4.9475
2015.21,BXcr,5.62,4.9475
2015.21,BKcr,4.48,4.9475
2013.26,QNcr,4.63,5.5875
2013.26,MNcr,5.06,5.5875
2013.26,BXcr,5.62,5.5875
2013.26,BKcr,4.48,5.5875
2015.25,QNcr,4.63,4.67125
2015.25,MNcr,5.06,4.67125
2015.25,BXcr,5.62,4.67125
2015.25,BKcr,4.48,4.67125
2015.29,QNcr,4.63,4.9475
2015.29,MNcr,5.06,4.9475
2015.29,BXcr,5.62,4.9475
2015.29,BKcr,4.48,4.9475
2015.43,QNcr,4.53,4.835
2015.43,MNcr,4.86,4.835
2015.43,BXcr,5.5,4.835
2015.43,BKcr,4.45,4.835
2013.45,QNcr,4.53,4.835
2013.45,MNcr,4.86,4.835
2013.45,BXcr,5.5,4.835
2013.45,BKcr,4.45,4.835
2015.48,QNcr,4.53,4.59875
2015.48,MNcr,4.86,4.59875
2015.48,BXcr,5.5,4.59875
2015.48,BKcr,4.45,4.59875
2015.52,QNcr,4.53,4.835
2015.52,MNcr,4.86,4.835
2015.52,BXcr,5.5,4.835
2015.52,BKcr,4.45,4.835
2015.66,QNcr,4.45,4.7375
2015.66,MNcr,4.7,4.7375
2015.66,BXcr,5.39,4.7375
2015.66,BKcr,4.41,4.7375
2013.67,QNcr,4.45,4.7375
2013.67,MNcr,4.7,4.7375
2013.67,BXcr,5.39,4.7375
2013.67,BKcr,4.41,4.7375
2015.71,QNcr,4.45,4.7375
2015.71,MNcr,4.7,4.7375
2015.71,BXcr,5.39,4.7375
2015.71,BKcr,4.41,4.7375
2015.74,QNcr,4.45,4.7375
2015.74,MNcr,4.7,4.7375
2015.74,BXcr,5.39,4.7375
2015.74,BKcr,4.41,4.7375
2015.95,QNcr,4.38,4.68
2015.95,MNcr,4.58,4.68
2015.95,BXcr,5.3,4.68
2015.95,BKcr,4.46,4.68
2013.89,QNcr,4.38,4.68
2013.89,MNcr,4.58,4.68
2013.89,BXcr,5.3,4.68
2013.89,BKcr,4.46,4.68
2015.93,QNcr,4.38,4.498749999999999
2015.93,MNcr,4.58,4.498749999999999
2015.93,BXcr,5.3,4.498749999999999
2015.93,BKcr,4.46,4.498749999999999
2015.97,QNcr,4.38,4.68
2015.97,MNcr,4.58,4.68
2015.97,BXcr,5.3,4.68
2015.97,BKcr,4.46,4.68
2016.18,QNcr,4.31,4.6225
2016.18,MNcr,4.5,4.6225
2016.18,BXcr,5.22,4.6225
2016.18,BKcr,4.46,4.6225
2014.12,QNcr,4.31,4.6225
2014.12,MNcr,4.5,4.6225
2014.12,BXcr,5.22,4.6225
2014.12,BKcr,4.46,4.6225
2016.16,QNcr,4.31,4.6225
2016.16,MNcr,4.5,4.6225
2016.16,BXcr,5.22,4.6225
2016.16,BKcr,4.46,4.6225
2016.2,QNcr,4.31,4.6225
2016.2,MNcr,4.5,4.6225
2016.2,BXcr,5.22,4.6225
2016.2,BKcr,4.46,4.6225
2016.4,QNcr,4.25,4.577500000000001
2016.4,MNcr,4.43,4.577500000000001
2016.4,BXcr,5.15,4.577500000000001
2016.4,BKcr,4.48,4.577500000000001
2014.35,QNcr,4.25,4.577500000000001
2014.35,MNcr,4.43,4.577500000000001
2014.35,BXcr,5.15,4.577500000000001
2014.35,BKcr,4.48,4.577500000000001
2016.38,QNcr,4.25,4.445
2016.38,MNcr,4.43,4.445
2016.38,BXcr,5.15,4.445
2016.38,BKcr,4.48,4.445
2016.42,QNcr,4.25,4.577500000000001
2016.42,MNcr,4.43,4.577500000000001
2016.42,BXcr,5.15,4.577500000000001
2016.42,BKcr,4.48,4.577500000000001
2016.63,QNcr,4.2,4.53
2016.63,MNcr,4.36,4.53
2016.63,BXcr,5.08,4.53
2016.63,BKcr,4.48,4.53
2014.57,QNcr,4.2,4.53
2014.57,MNcr,4.36,4.53
2014.57,BXcr,5.08,4.53
2014.57,BKcr,4.48,4.53
2016.61,QNcr,4.2,4.53
2016.61,MNcr,4.36,4.53
2016.61,BXcr,5.08,4.53
2016.61,BKcr,4.48,4.53
2016.65,QNcr,4.2,4.53
2016.65,MNcr,4.36,4.53
2016.65,BXcr,5.08,4.53
2016.65,BKcr,4.48,4.53
2016.85,QNcr,4.17,4.4825
2016.85,MNcr,4.3,4.4825
2016.85,BXcr,5.01,4.4825
2016.85,BKcr,4.45,4.4825
2014.8,QNcr,4.17,4.84875
2014.8,MNcr,4.3,4.84875
2014.8,BXcr,5.01,4.84875
2014.8,BKcr,4.45,4.84875
2016.83,QNcr,4.17,4.4125
2016.83,MNcr,4.3,4.4125
2016.83,BXcr,5.01,4.4125
2016.83,BKcr,4.45,4.4125
2016.87,QNcr,4.17,4.4825
2016.87,MNcr,4.3,4.4825
2016.87,BXcr,5.01,4.4825
2016.87,BKcr,4.45,4.4825
2017.08,QNcr,4.15,4.4350000000000005
2017.08,MNcr,4.25,4.4350000000000005
2017.08,BXcr,4.94,4.4350000000000005
2017.08,BKcr,4.4,4.4350000000000005
2015.02,QNcr,4.15,4.4350000000000005
2015.02,MNcr,4.25,4.4350000000000005
2015.02,BXcr,4.94,4.4350000000000005
2015.02,BKcr,4.4,4.4350000000000005
2017.06,QNcr,4.15,4.4
2017.06,MNcr,4.25,4.4
2017.06,BXcr,4.94,4.4
2017.06,BKcr,4.4,4.4
2017.1,QNcr,4.15,4.4350000000000005
2017.1,MNcr,4.25,4.4350000000000005
2017.1,BXcr,4.94,4.4350000000000005
2017.1,BKcr,4.4,4.4350000000000005
2017.31,QNcr,4.14,4.395
2017.31,MNcr,4.21,4.395
2017.31,BXcr,4.88,4.395
2017.31,BKcr,4.35,4.395
2015.25,QNcr,4.14,4.67125
2015.25,MNcr,4.21,4.67125
2015.25,BXcr,4.88,4.67125
2015.25,BKcr,4.35,4.67125
2017.29,QNcr,4.14,4.395
2017.29,MNcr,4.21,4.395
2017.29,BXcr,4.88,4.395
2017.29,BKcr,4.35,4.395
2017.33,QNcr,4.14,4.395
2017.33,MNcr,4.21,4.395
2017.33,BXcr,4.88,4.395
2017.33,BKcr,4.35,4.395
2017.53,QNcr,4.14,4.3625
2017.53,MNcr,4.16,4.3625
2017.53,BXcr,4.83,4.3625
2017.53,BKcr,4.32,4.3625
2015.48,QNcr,4.14,4.59875
2015.48,MNcr,4.16,4.59875
2015.48,BXcr,4.83,4.59875
2015.48,BKcr,4.32,4.59875
2017.51,QNcr,4.14,4.4025
2017.51,MNcr,4.16,4.4025
2017.51,BXcr,4.83,4.4025
2017.51,BKcr,4.32,4.4025
2017.55,QNcr,4.14,4.3625
2017.55,MNcr,4.16,4.3625
2017.55,BXcr,4.83,4.3625
2017.55,BKcr,4.32,4.3625
2017.76,QNcr,4.14,4.3375
2017.76,MNcr,4.09,4.3375
2017.76,BXcr,4.8,4.3375
2017.76,BKcr,4.32,4.3375
2015.7,QNcr,4.14,4.3375
2015.7,MNcr,4.09,4.3375
2015.7,BXcr,4.8,4.3375
2015.7,BKcr,4.32,4.3375
2017.74,QNcr,4.14,4.41625
2017.74,MNcr,4.09,4.41625
2017.74,BXcr,4.8,4.41625
2017.74,BKcr,4.32,4.41625
2017.78,QNcr,4.14,4.3375
2017.78,MNcr,4.09,4.3375
2017.78,BXcr,4.8,4.3375
2017.78,BKcr,4.32,4.3375
2017.98,QNcr,4.14,4.3175
2017.98,MNcr,4.01,4.3175
2017.98,BXcr,4.77,4.3175
2017.98,BKcr,4.35,4.3175
2015.93,QNcr,4.14,4.498749999999999
2015.93,MNcr,4.01,4.498749999999999
2015.93,BXcr,4.77,4.498749999999999
2015.93,BKcr,4.35,4.498749999999999
2017.96,QNcr,4.14,4.43875
2017.96,MNcr,4.01,4.43875
2017.96,BXcr,4.77,4.43875
2017.96,BKcr,4.35,4.43875
2018,QNcr,4.14,4.3175
2018,MNcr,4.01,4.3175
2018,BXcr,4.77,4.3175
2018,BKcr,4.35,4.3175
2018.21,QNcr,4.15,4.3125
2018.21,MNcr,3.93,4.3125
2018.21,BXcr,4.76,4.3125
2018.21,BKcr,4.41,4.3125
2016.15,QNcr,4.15,4.3125
2016.15,MNcr,3.93,4.3125
2016.15,BXcr,4.76,4.3125
2016.15,BKcr,4.41,4.3125
2018.19,QNcr,4.15,4.4875
2018.19,MNcr,3.93,4.4875
2018.19,BXcr,4.76,4.4875
2018.19,BKcr,4.41,4.4875
2018.23,QNcr,4.15,4.3125
2018.23,MNcr,3.93,4.3125
2018.23,BXcr,4.76,4.3125
2018.23,BKcr,4.41,4.3125
2018.44,QNcr,4.17,4.3125
2018.44,MNcr,3.86,4.3125
2018.44,BXcr,4.76,4.3125
2018.44,BKcr,4.46,4.3125
2016.38,QNcr,4.17,4.445
2016.38,MNcr,3.86,4.445
2016.38,BXcr,4.76,4.445
2016.38,BKcr,4.46,4.445
2018.42,QNcr,4.17,4.3125
2018.42,MNcr,3.86,4.3125
2018.42,BXcr,4.76,4.3125
2018.42,BKcr,4.46,4.3125
2018.46,QNcr,4.17,4.3125
2018.46,MNcr,3.86,4.3125
2018.46,BXcr,4.76,4.3125
2018.46,BKcr,4.46,4.3125
2018.66,QNcr,4.19,4.325
2018.66,MNcr,3.82,4.325
2018.66,BXcr,4.78,4.325
2018.66,BKcr,4.51,4.325
2016.6,QNcr,4.19,4.325
2016.6,MNcr,3.82,4.325
2016.6,BXcr,4.78,4.325
2016.6,BKcr,4.51,4.325
2018.64,QNcr,4.19,4.595
2018.64,MNcr,3.82,4.595
2018.64,BXcr,4.78,4.595
2018.64,BKcr,4.51,4.595
2018.68,QNcr,4.19,4.325
2018.68,MNcr,3.82,4.325
2018.68,BXcr,4.78,4.325
2018.68,BKcr,4.51,4.325
2018.89,QNcr,4.2,4.3425
2018.89,MNcr,3.82,4.3425
2018.89,BXcr,4.82,4.3425
2018.89,BKcr,4.53,4.3425
2016.83,QNcr,4.2,4.4125
2016.83,MNcr,3.82,4.4125
2016.83,BXcr,4.82,4.4125
2016.83,BKcr,4.53,4.4125
2018.87,QNcr,4.2,4.65125
2018.87,MNcr,3.82,4.65125
2018.87,BXcr,4.82,4.65125
2018.87,BKcr,4.53,4.65125
2018.91,QNcr,4.2,4.3425
2018.91,MNcr,3.82,4.3425
2018.91,BXcr,4.82,4.3425
2018.91,BKcr,4.53,4.3425
2019.12,QNcr,4.2,4.365
2019.12,MNcr,3.85,4.365
2019.12,BXcr,4.88,4.365
2019.12,BKcr,4.53,4.365
2017.06,QNcr,4.2,4.4
2017.06,MNcr,3.85,4.4
2017.06,BXcr,4.88,4.4
2017.06,BKcr,4.53,4.4
2019.1,QNcr,4.2,4.365
2019.1,MNcr,3.85,4.365
2019.1,BXcr,4.88,4.365
2019.1,BKcr,4.53,4.365
2019.14,QNcr,4.2,4.365
2019.14,MNcr,3.85,4.365
2019.14,BXcr,4.88,4.365
2019.14,BKcr,4.53,4.365
2019.34,QNcr,4.21,4.3999999999999995
2019.34,MNcr,3.9,4.3999999999999995
2019.34,BXcr,4.97,4.3999999999999995
2019.34,BKcr,4.52,4.3999999999999995
2017.28,QNcr,4.21,4.3999999999999995
2017.28,MNcr,3.9,4.3999999999999995
2017.28,BXcr,4.97,4.3999999999999995
2017.28,BKcr,4.52,4.3999999999999995
2019.32,QNcr,4.21,4.3999999999999995
2019.32,MNcr,3.9,4.3999999999999995
2019.32,BXcr,4.97,4.3999999999999995
2019.32,BKcr,4.52,4.3999999999999995
2019.36,QNcr,4.21,4.3999999999999995
2019.36,MNcr,3.9,4.3999999999999995
2019.36,BXcr,4.97,4.3999999999999995
2019.36,BKcr,4.52,4.3999999999999995
2019.57,QNcr,4.25,4.4425
2019.57,MNcr,3.93,4.4425
2019.57,BXcr,5.06,4.4425
2019.57,BKcr,4.53,4.4425
2017.51,QNcr,4.25,4.4025
2017.51,MNcr,3.93,4.4025
2017.51,BXcr,5.06,4.4025
2017.51,BKcr,4.53,4.4025
2019.55,QNcr,4.25,4.4425
2019.55,MNcr,3.93,4.4425
2019.55,BXcr,5.06,4.4425
2019.55,BKcr,4.53,4.4425
2019.59,QNcr,4.25,4.4425
2019.59,MNcr,3.93,4.4425
2019.59,BXcr,5.06,4.4425
2019.59,BKcr,4.53,4.4425
2019.8,QNcr,4.33,4.495
2019.8,MNcr,3.94,4.495
2019.8,BXcr,5.16,4.495
2019.8,BKcr,4.55,4.495
2017.74,QNcr,4.33,4.41625
2017.74,MNcr,3.94,4.41625
2017.74,BXcr,5.16,4.41625
2017.74,BKcr,4.55,4.41625
2019.78,QNcr,4.33,4.495
2019.78,MNcr,3.94,4.495
2019.78,BXcr,5.16,4.495
2019.78,BKcr,4.55,4.495
2019.81,QNcr,4.33,4.495
2019.81,MNcr,3.94,4.495
2019.81,BXcr,5.16,4.495
2019.81,BKcr,4.55,4.495
2020,QNcr,4.47,4.56
2020,MNcr,3.9,4.56
2020,BXcr,5.26,4.56
2020,BKcr,4.61,4.56
2017.96,QNcr,4.47,4.43875
2017.96,MNcr,3.9,4.43875
2017.96,BXcr,5.26,4.43875
2017.96,BKcr,4.61,4.43875
2020.03,QNcr,4.47,4.56
2020.03,MNcr,3.9,4.56
2020.03,BXcr,5.26,4.56
2020.03,BKcr,4.61,4.56
2020.21,QNcr,4.65,4.6625
2020.21,MNcr,3.84,4.6625
2020.21,BXcr,5.37,4.6625
2020.21,BKcr,4.79,4.6625
2018.19,QNcr,4.65,4.4875
2018.19,MNcr,3.84,4.4875
2018.19,BXcr,5.37,4.4875
2018.19,BKcr,4.79,4.4875
2020.23,QNcr,4.65,4.6625
2020.23,MNcr,3.84,4.6625
2020.23,BXcr,5.37,4.6625
2020.23,BKcr,4.79,4.6625
2020.43,QNcr,4.83,4.765000000000001
2020.43,MNcr,3.79,4.765000000000001
2020.43,BXcr,5.49,4.765000000000001
2020.43,BKcr,4.95,4.765000000000001
2018.41,QNcr,4.83,4.765000000000001
2018.41,MNcr,3.79,4.765000000000001
2018.41,BXcr,5.49,4.765000000000001
2018.41,BKcr,4.95,4.765000000000001
2020.46,QNcr,4.83,4.765000000000001
2020.46,MNcr,3.79,4.765000000000001
2020.46,BXcr,5.49,4.765000000000001
2020.46,BKcr,4.95,4.765000000000001
2020.41,QNcr,4.83,4.765000000000001
2020.41,MNcr,3.79,4.765000000000001
2020.41,BXcr,5.49,4.765000000000001
2020.41,BKcr,4.95,4.765000000000001
2020.62,QNcr,5,4.865
2020.62,MNcr,3.79,4.865
2020.62,BXcr,5.6,4.865
2020.62,BKcr,5.07,4.865
2018.64,QNcr,5,4.595
2018.64,MNcr,3.79,4.595
2018.64,BXcr,5.6,4.595
2018.64,BKcr,5.07,4.595
2020.68,QNcr,5,4.865
2020.68,MNcr,3.79,4.865
2020.68,BXcr,5.6,4.865
2020.68,BKcr,5.07,4.865
2020.6,QNcr,5,4.993333333333333
2020.6,MNcr,3.79,4.993333333333333
2020.6,BXcr,5.6,4.993333333333333
2020.6,BKcr,5.07,4.993333333333333
2020.89,QNcr,5.17,4.96
2020.89,MNcr,3.85,4.96
2020.89,BXcr,5.68,4.96
2020.89,BKcr,5.14,4.96
2018.87,QNcr,5.17,4.65125
2018.87,MNcr,3.85,4.65125
2018.87,BXcr,5.68,4.65125
2018.87,BKcr,5.14,4.65125
2020.91,QNcr,5.17,4.96
2020.91,MNcr,3.85,4.96
2020.91,BXcr,5.68,4.96
2020.91,BKcr,5.14,4.96
2020.8,QNcr,5.17,4.96
2020.8,MNcr,3.85,4.96
2020.8,BXcr,5.68,4.96
2020.8,BKcr,5.14,4.96
2021.11,QNcr,5.28,5.0675
2021.11,MNcr,4.01,5.0675
2021.11,BXcr,5.74,5.0675
2021.11,BKcr,5.24,5.0675
2019.09,QNcr,5.28,5.0675
2019.09,MNcr,4.01,5.0675
2019.09,BXcr,5.74,5.0675
2019.09,BKcr,5.24,5.0675
2021.13,QNcr,5.28,5.0675
2021.13,MNcr,4.01,5.0675
2021.13,BXcr,5.74,5.0675
2021.13,BKcr,5.24,5.0675
2021.03,QNcr,5.28,5.0675
2021.03,MNcr,4.01,5.0675
2021.03,BXcr,5.74,5.0675
2021.03,BKcr,5.24,5.0675
2021.34,QNcr,5.34,5.14
2021.34,MNcr,4.14,5.14
2021.34,BXcr,5.78,5.14
2021.34,BKcr,5.3,5.14
2019.28,QNcr,5.34,5.14
2019.28,MNcr,4.14,5.14
2019.28,BXcr,5.78,5.14
2019.28,BKcr,5.3,5.14
2021.36,QNcr,5.34,5.14
2021.36,MNcr,4.14,5.14
2021.36,BXcr,5.78,5.14
2021.36,BKcr,5.3,5.14
2021.26,QNcr,5.34,5.14
2021.26,MNcr,4.14,5.14
2021.26,BXcr,5.78,5.14
2021.26,BKcr,5.3,5.14
2021.62,QNcr,5.38,5.2375
2021.62,MNcr,4.34,5.2375
2021.62,BXcr,5.81,5.2375
2021.62,BKcr,5.42,5.2375
2019.46,QNcr,5.38,5.2375
2019.46,MNcr,4.34,5.2375
2019.46,BXcr,5.81,5.2375
2019.46,BKcr,5.42,5.2375
2021.59,QNcr,5.38,5.2375
2021.59,MNcr,4.34,5.2375
2021.59,BXcr,5.81,5.2375
2021.59,BKcr,5.42,5.2375
2021.48,QNcr,5.38,5.2375
2021.48,MNcr,4.34,5.2375
2021.48,BXcr,5.81,5.2375
2021.48,BKcr,5.42,5.2375
2021.83,QNcr,5.4,5.3025
2021.83,MNcr,4.5,5.3025
2021.83,BXcr,5.83,5.3025
2021.83,BKcr,5.48,5.3025
2019.69,QNcr,5.4,5.3025
2019.69,MNcr,4.5,5.3025
2019.69,BXcr,5.83,5.3025
2019.69,BKcr,5.48,5.3025
2021.81,QNcr,5.4,5.3025
2021.81,MNcr,4.5,5.3025
2021.81,BXcr,5.83,5.3025
2021.81,BKcr,5.48,5.3025
2021.71,QNcr,5.4,5.3025
2021.71,MNcr,4.5,5.3025
2021.71,BXcr,5.83,5.3025
2021.71,BKcr,5.48,5.3025
2021.99,QNcr,5.43,5.3525
2021.99,MNcr,4.62,5.3525
2021.99,BXcr,5.85,5.3525
2021.99,BKcr,5.51,5.3525
2019.92,QNcr,5.43,5.3525
2019.92,MNcr,4.62,5.3525
2019.92,BXcr,5.85,5.3525
2019.92,BKcr,5.51,5.3525
2021.98,QNcr,5.43,5.3525
2021.98,MNcr,4.62,5.3525
2021.98,BXcr,5.85,5.3525
2021.98,BKcr,5.51,5.3525
2021.93,QNcr,5.43,5.3525
2021.93,MNcr,4.62,5.3525
2021.93,BXcr,5.85,5.3525
2021.93,BKcr,5.51,5.3525
2009.49,MNcr,4.71,5.575
2009.49,BKcr,6.44,5.575
2020.14,MNcr,4.71,5.575
2020.14,BKcr,6.44,5.575
2008.8,MNcr,4.74,6.343333333333334
2008.8,BKcr,5.98,6.343333333333334
2020.4,MNcr,4.74,5.36
2020.4,BKcr,5.98,5.36
2008.07,MNcr,4.79,5.25
2008.07,BKcr,5.71,5.25
2020.6,MNcr,4.79,4.993333333333333
2020.6,BKcr,5.71,4.993333333333333
2020.82,MNcr,4.85,4.85
2021.05,MNcr,4.95,4.95
2021.28,MNcr,5.06,5.06
2021.5,MNcr,5.19,5.19
2021.73,MNcr,5.31,5.31
2021.94,MNcr,5.45,5.45
