Year,Borough,BoroSalesVolume,as.factor(Year),CitySalesVolume
2007.99,BKsv,12.23,2007.99,34.019999999999996
2007.99,MNsv,5.81,2007.99,34.019999999999996
2007.99,BXsv,7.29,2007.99,34.019999999999996
2007.99,QNsv,8.69,2007.99,34.019999999999996
2008.02,BKsv,12.23,2008.02,34.019999999999996
2008.02,MNsv,5.81,2008.02,34.019999999999996
2008.02,BXsv,7.29,2008.02,34.019999999999996
2008.02,QNsv,8.69,2008.02,34.019999999999996
2008.1,BKsv,11.37,2008.1,31.08
2008.1,MNsv,5.19,2008.1,31.08
2008.1,BXsv,6.57,2008.1,31.08
2008.1,QNsv,7.95,2008.1,31.08
2008.21,BKsv,11.37,2008.21,31.08
2008.21,MNsv,5.19,2008.21,31.08
2008.21,BXsv,6.57,2008.21,31.08
2008.21,QNsv,7.95,2008.21,31.08
2008.18,BKsv,11.37,2008.18,31.08
2008.18,MNsv,5.19,2008.18,31.08
2008.18,BXsv,6.57,2008.18,31.08
2008.18,QNsv,7.95,2008.18,31.08
2008.11,BKsv,11.37,2008.11,31.08
2008.11,MNsv,5.19,2008.11,31.08
2008.11,BXsv,6.57,2008.11,31.08
2008.11,QNsv,7.95,2008.11,31.08
2008.19,BKsv,10.6,2008.19,28.17
2008.19,MNsv,4.51,2008.19,28.17
2008.19,BXsv,5.85,2008.19,28.17
2008.19,QNsv,7.21,2008.19,28.17
2008.4,BKsv,10.6,2008.4,50.78
2008.4,MNsv,4.51,2008.4,50.78
2008.4,BXsv,5.85,2008.4,50.78
2008.4,QNsv,7.21,2008.4,50.78
2008.3,BKsv,10.6,2008.3,53.33000000000001
2008.3,MNsv,4.51,2008.3,53.33000000000001
2008.3,BXsv,5.85,2008.3,53.33000000000001
2008.3,QNsv,7.21,2008.3,53.33000000000001
2008.29,BKsv,9.84,2008.29,25.16
2008.29,MNsv,3.84,2008.29,25.16
2008.29,BXsv,5.17,2008.29,25.16
2008.29,QNsv,6.31,2008.29,25.16
2008.57,BKsv,9.84,2008.57,25.16
2008.57,MNsv,3.84,2008.57,25.16
2008.57,BXsv,5.17,2008.57,25.16
2008.57,QNsv,6.31,2008.57,25.16
2008.45,BKsv,9.84,2008.45,25.16
2008.45,MNsv,3.84,2008.45,25.16
2008.45,BXsv,5.17,2008.45,25.16
2008.45,QNsv,6.31,2008.45,25.16
2008.3,BKsv,9.84,2008.3,53.33000000000001
2008.3,MNsv,3.84,2008.3,53.33000000000001
2008.3,BXsv,5.17,2008.3,53.33000000000001
2008.3,QNsv,6.31,2008.3,53.33000000000001
2008.37,BKsv,9.1,2008.37,22.609999999999996
2008.37,MNsv,3.37,2008.37,22.609999999999996
2008.37,BXsv,4.58,2008.37,22.609999999999996
2008.37,QNsv,5.56,2008.37,22.609999999999996
2008.79,BKsv,9.1,2008.79,22.609999999999996
2008.79,MNsv,3.37,2008.79,22.609999999999996
2008.79,BXsv,4.58,2008.79,22.609999999999996
2008.79,QNsv,5.56,2008.79,22.609999999999996
2008.63,BKsv,9.1,2008.63,22.609999999999996
2008.63,MNsv,3.37,2008.63,22.609999999999996
2008.63,BXsv,4.58,2008.63,22.609999999999996
2008.63,QNsv,5.56,2008.63,22.609999999999996
2008.4,BKsv,9.1,2008.4,50.78
2008.4,MNsv,3.37,2008.4,50.78
2008.4,BXsv,4.58,2008.4,50.78
2008.4,QNsv,5.56,2008.4,50.78
2008.47,BKsv,8.35,2008.47,20.06
2008.47,MNsv,3.1,2008.47,20.06
2008.47,BXsv,3.85,2008.47,20.06
2008.47,QNsv,4.76,2008.47,20.06
2008.97,BKsv,8.35,2008.97,20.06
2008.97,MNsv,3.1,2008.97,20.06
2008.97,BXsv,3.85,2008.97,20.06
2008.97,QNsv,4.76,2008.97,20.06
2008.8,BKsv,8.35,2008.8,20.06
2008.8,MNsv,3.1,2008.8,20.06
2008.8,BXsv,3.85,2008.8,20.06
2008.8,QNsv,4.76,2008.8,20.06
2008.53,BKsv,8.35,2008.53,20.06
2008.53,MNsv,3.1,2008.53,20.06
2008.53,BXsv,3.85,2008.53,20.06
2008.53,QNsv,4.76,2008.53,20.06
2008.56,BKsv,7.61,2008.56,18.240000000000002
2008.56,MNsv,3.22,2008.56,18.240000000000002
2008.56,BXsv,3.48,2008.56,18.240000000000002
2008.56,QNsv,3.93,2008.56,18.240000000000002
2009.17,BKsv,7.61,2009.17,18.240000000000002
2009.17,MNsv,3.22,2009.17,18.240000000000002
2009.17,BXsv,3.48,2009.17,18.240000000000002
2009.17,QNsv,3.93,2009.17,18.240000000000002
2009,BKsv,7.61,2009,18.240000000000002
2009,MNsv,3.22,2009,18.240000000000002
2009,BXsv,3.48,2009,18.240000000000002
2009,QNsv,3.93,2009,18.240000000000002
2008.64,BKsv,7.61,2008.64,18.240000000000002
2008.64,MNsv,3.22,2008.64,18.240000000000002
2008.64,BXsv,3.48,2008.64,18.240000000000002
2008.64,QNsv,3.93,2008.64,18.240000000000002
2008.7,BKsv,6.84,2008.7,17.43
2008.7,MNsv,3.77,2008.7,17.43
2008.7,BXsv,3.67,2008.7,17.43
2008.7,QNsv,3.15,2008.7,17.43
2009.37,BKsv,6.84,2009.37,17.43
2009.37,MNsv,3.77,2009.37,17.43
2009.37,BXsv,3.67,2009.37,17.43
2009.37,QNsv,3.15,2009.37,17.43
2009.21,BKsv,6.84,2009.21,17.43
2009.21,MNsv,3.77,2009.21,17.43
2009.21,BXsv,3.67,2009.21,17.43
2009.21,QNsv,3.15,2009.21,17.43
2008.78,BKsv,6.84,2008.78,17.43
2008.78,MNsv,3.77,2008.78,17.43
2008.78,BXsv,3.67,2008.78,17.43
2008.78,QNsv,3.15,2008.78,17.43
2008.82,BKsv,6.1,2008.82,17.31
2008.82,MNsv,4.51,2008.82,17.31
2008.82,BXsv,4.32,2008.82,17.31
2008.82,QNsv,2.38,2008.82,17.31
2009.57,BKsv,6.1,2009.57,17.31
2009.57,MNsv,4.51,2009.57,17.31
2009.57,BXsv,4.32,2009.57,17.31
2009.57,QNsv,2.38,2009.57,17.31
2009.4,BKsv,6.1,2009.4,17.31
2009.4,MNsv,4.51,2009.4,17.31
2009.4,BXsv,4.32,2009.4,17.31
2009.4,QNsv,2.38,2009.4,17.31
2008.94,BKsv,6.1,2008.94,17.31
2008.94,MNsv,4.51,2008.94,17.31
2008.94,BXsv,4.32,2008.94,17.31
2008.94,QNsv,2.38,2008.94,17.31
2008.98,BKsv,5.37,2008.98,17.6
2008.98,MNsv,5.28,2008.98,17.6
2008.98,BXsv,5.09,2008.98,17.6
2008.98,QNsv,1.86,2008.98,17.6
2009.76,BKsv,5.37,2009.76,17.6
2009.76,MNsv,5.28,2009.76,17.6
2009.76,BXsv,5.09,2009.76,17.6
2009.76,QNsv,1.86,2009.76,17.6
2009.59,BKsv,5.37,2009.59,17.6
2009.59,MNsv,5.28,2009.59,17.6
2009.59,BXsv,5.09,2009.59,17.6
2009.59,QNsv,1.86,2009.59,17.6
2009.13,BKsv,5.37,2009.13,17.6
2009.13,MNsv,5.28,2009.13,17.6
2009.13,BXsv,5.09,2009.13,17.6
2009.13,QNsv,1.86,2009.13,17.6
2009.19,BKsv,4.98,2009.19,18.53
2009.19,MNsv,5.95,2009.19,18.53
2009.19,BXsv,5.8,2009.19,18.53
2009.19,QNsv,1.8,2009.19,18.53
2009.95,BKsv,4.98,2009.95,41.010000000000005
2009.95,MNsv,5.95,2009.95,41.010000000000005
2009.95,BXsv,5.8,2009.95,41.010000000000005
2009.95,QNsv,1.8,2009.95,41.010000000000005
2009.77,BKsv,4.98,2009.77,18.53
2009.77,MNsv,5.95,2009.77,18.53
2009.77,BXsv,5.8,2009.77,18.53
2009.77,QNsv,1.8,2009.77,18.53
2009.34,BKsv,4.98,2009.34,18.53
2009.34,MNsv,5.95,2009.34,18.53
2009.34,BXsv,5.8,2009.34,18.53
2009.34,QNsv,1.8,2009.34,18.53
2009.39,BKsv,5.12,2009.39,20.099999999999998
2009.39,MNsv,6.37,2009.39,20.099999999999998
2009.39,BXsv,6.52,2009.39,20.099999999999998
2009.39,QNsv,2.09,2009.39,20.099999999999998
2010.16,BKsv,5.12,2010.16,42.98999999999999
2010.16,MNsv,6.37,2010.16,42.98999999999999
2010.16,BXsv,6.52,2010.16,42.98999999999999
2010.16,QNsv,2.09,2010.16,42.98999999999999
2009.97,BKsv,5.12,2009.97,20.099999999999998
2009.97,MNsv,6.37,2009.97,20.099999999999998
2009.97,BXsv,6.52,2009.97,20.099999999999998
2009.97,QNsv,2.09,2009.97,20.099999999999998
2009.54,BKsv,5.12,2009.54,20.099999999999998
2009.54,MNsv,6.37,2009.54,20.099999999999998
2009.54,BXsv,6.52,2009.54,20.099999999999998
2009.54,QNsv,2.09,2009.54,20.099999999999998
2009.6,BKsv,5.6,2009.6,21.569999999999997
2009.6,MNsv,6.39,2009.6,21.569999999999997
2009.6,BXsv,7.04,2009.6,21.569999999999997
2009.6,QNsv,2.54,2009.6,21.569999999999997
2010.36,BKsv,5.6,2010.36,44.82
2010.36,MNsv,6.39,2010.36,44.82
2010.36,BXsv,7.04,2010.36,44.82
2010.36,QNsv,2.54,2010.36,44.82
2010.18,BKsv,5.6,2010.18,21.569999999999997
2010.18,MNsv,6.39,2010.18,21.569999999999997
2010.18,BXsv,7.04,2010.18,21.569999999999997
2010.18,QNsv,2.54,2010.18,21.569999999999997
2009.75,BKsv,5.6,2009.75,21.569999999999997
2009.75,MNsv,6.39,2009.75,21.569999999999997
2009.75,BXsv,7.04,2009.75,21.569999999999997
2009.75,QNsv,2.54,2009.75,21.569999999999997
2009.8,BKsv,6.25,2009.8,22.48
2009.8,MNsv,6.17,2009.8,22.48
2009.8,BXsv,7.06,2009.8,22.48
2009.8,QNsv,3,2009.8,22.48
2010.57,BKsv,6.25,2010.57,46.58
2010.57,MNsv,6.17,2010.57,46.58
2010.57,BXsv,7.06,2010.57,46.58
2010.57,QNsv,3,2010.57,46.58
2010.38,BKsv,6.25,2010.38,22.48
2010.38,MNsv,6.17,2010.38,22.48
2010.38,BXsv,7.06,2010.38,22.48
2010.38,QNsv,3,2010.38,22.48
2009.95,BKsv,6.25,2009.95,41.010000000000005
2009.95,MNsv,6.17,2009.95,41.010000000000005
2009.95,BXsv,7.06,2009.95,41.010000000000005
2009.95,QNsv,3,2009.95,41.010000000000005
2010.01,BKsv,6.92,2010.01,22.89
2010.01,MNsv,5.91,2010.01,22.89
2010.01,BXsv,6.76,2010.01,22.89
2010.01,QNsv,3.3,2010.01,22.89
2010.77,BKsv,6.92,2010.77,48.660000000000004
2010.77,MNsv,5.91,2010.77,48.660000000000004
2010.77,BXsv,6.76,2010.77,48.660000000000004
2010.77,QNsv,3.3,2010.77,48.660000000000004
2010.58,BKsv,6.92,2010.58,22.89
2010.58,MNsv,5.91,2010.58,22.89
2010.58,BXsv,6.76,2010.58,22.89
2010.58,QNsv,3.3,2010.58,22.89
2010.16,BKsv,6.92,2010.16,42.98999999999999
2010.16,MNsv,5.91,2010.16,42.98999999999999
2010.16,BXsv,6.76,2010.16,42.98999999999999
2010.16,QNsv,3.3,2010.16,42.98999999999999
2010.21,BKsv,7.52,2010.21,23.25
2010.21,MNsv,5.81,2010.21,23.25
2010.21,BXsv,6.42,2010.21,23.25
2010.21,QNsv,3.5,2010.21,23.25
2010.98,BKsv,7.52,2010.98,51.38999999999999
2010.98,MNsv,5.81,2010.98,51.38999999999999
2010.98,BXsv,6.42,2010.98,51.38999999999999
2010.98,QNsv,3.5,2010.98,51.38999999999999
2010.79,BKsv,7.52,2010.79,23.25
2010.79,MNsv,5.81,2010.79,23.25
2010.79,BXsv,6.42,2010.79,23.25
2010.79,QNsv,3.5,2010.79,23.25
2010.36,BKsv,7.52,2010.36,44.82
2010.36,MNsv,5.81,2010.36,44.82
2010.36,BXsv,6.42,2010.36,44.82
2010.36,QNsv,3.5,2010.36,44.82
2010.42,BKsv,8.11,2010.42,24.099999999999998
2010.42,MNsv,6.09,2010.42,24.099999999999998
2010.42,BXsv,6.22,2010.42,24.099999999999998
2010.42,QNsv,3.68,2010.42,24.099999999999998
2011.18,BKsv,8.11,2011.18,54.629999999999995
2011.18,MNsv,6.09,2011.18,54.629999999999995
2011.18,BXsv,6.22,2011.18,54.629999999999995
2011.18,QNsv,3.68,2011.18,54.629999999999995
2010.99,BKsv,8.11,2010.99,24.099999999999998
2010.99,MNsv,6.09,2010.99,24.099999999999998
2010.99,BXsv,6.22,2010.99,24.099999999999998
2010.99,QNsv,3.68,2010.99,24.099999999999998
2010.57,BKsv,8.11,2010.57,46.58
2010.57,MNsv,6.09,2010.57,46.58
2010.57,BXsv,6.22,2010.57,46.58
2010.57,QNsv,3.68,2010.57,46.58
2010.62,BKsv,8.8,2010.62,25.77
2010.62,MNsv,6.68,2010.62,25.77
2010.62,BXsv,6.42,2010.62,25.77
2010.62,QNsv,3.87,2010.62,25.77
2011.37,BKsv,8.8,2011.37,25.77
2011.37,MNsv,6.68,2011.37,25.77
2011.37,BXsv,6.42,2011.37,25.77
2011.37,QNsv,3.87,2011.37,25.77
2011.19,BKsv,8.8,2011.19,25.77
2011.19,MNsv,6.68,2011.19,25.77
2011.19,BXsv,6.42,2011.19,25.77
2011.19,QNsv,3.87,2011.19,25.77
2010.77,BKsv,8.8,2010.77,48.660000000000004
2010.77,MNsv,6.68,2010.77,48.660000000000004
2010.77,BXsv,6.42,2010.77,48.660000000000004
2010.77,QNsv,3.87,2010.77,48.660000000000004
2010.83,BKsv,9.52,2010.83,28.140000000000004
2010.83,MNsv,7.4,2010.83,28.140000000000004
2010.83,BXsv,7.17,2010.83,28.140000000000004
2010.83,QNsv,4.05,2010.83,28.140000000000004
2011.52,BKsv,9.52,2011.52,28.140000000000004
2011.52,MNsv,7.4,2011.52,28.140000000000004
2011.52,BXsv,7.17,2011.52,28.140000000000004
2011.52,QNsv,4.05,2011.52,28.140000000000004
2011.55,BKsv,9.52,2011.55,28.140000000000004
2011.55,MNsv,7.4,2011.55,28.140000000000004
2011.55,BXsv,7.17,2011.55,28.140000000000004
2011.55,QNsv,4.05,2011.55,28.140000000000004
2010.98,BKsv,9.52,2010.98,51.38999999999999
2010.98,MNsv,7.4,2010.98,51.38999999999999
2010.98,BXsv,7.17,2010.98,51.38999999999999
2010.98,QNsv,4.05,2010.98,51.38999999999999
2011.03,BKsv,10.25,2011.03,30.53
2011.03,MNsv,8.13,2011.03,30.53
2011.03,BXsv,7.9,2011.03,30.53
2011.03,QNsv,4.25,2011.03,30.53
2011.66,BKsv,10.25,2011.66,30.53
2011.66,MNsv,8.13,2011.66,30.53
2011.66,BXsv,7.9,2011.66,30.53
2011.66,QNsv,4.25,2011.66,30.53
2011.71,BKsv,10.25,2011.71,30.53
2011.71,MNsv,8.13,2011.71,30.53
2011.71,BXsv,7.9,2011.71,30.53
2011.71,QNsv,4.25,2011.71,30.53
2011.18,BKsv,10.25,2011.18,54.629999999999995
2011.18,MNsv,8.13,2011.18,54.629999999999995
2011.18,BXsv,7.9,2011.18,54.629999999999995
2011.18,QNsv,4.25,2011.18,54.629999999999995
2011.23,BKsv,10.95,2011.23,32.9
2011.23,MNsv,8.88,2011.23,32.9
2011.23,BXsv,8.67,2011.23,32.9
2011.23,QNsv,4.4,2011.23,32.9
2011.79,BKsv,10.95,2011.79,70.48
2011.79,MNsv,8.88,2011.79,70.48
2011.79,BXsv,8.67,2011.79,70.48
2011.79,QNsv,4.4,2011.79,70.48
2011.86,BKsv,10.95,2011.86,32.9
2011.86,MNsv,8.88,2011.86,32.9
2011.86,BXsv,8.67,2011.86,32.9
2011.86,QNsv,4.4,2011.86,32.9
2011.39,BKsv,10.95,2011.39,32.9
2011.39,MNsv,8.88,2011.39,32.9
2011.39,BXsv,8.67,2011.39,32.9
2011.39,QNsv,4.4,2011.39,32.9
2011.41,BKsv,11.71,2011.41,35.26
2011.41,MNsv,9.64,2011.41,35.26
2011.41,BXsv,9.44,2011.41,35.26
2011.41,QNsv,4.47,2011.41,35.26
2011.92,BKsv,11.71,2011.92,35.26
2011.92,MNsv,9.64,2011.92,35.26
2011.92,BXsv,9.44,2011.92,35.26
2011.92,QNsv,4.47,2011.92,35.26
2012.03,BKsv,11.71,2012.03,72.84
2012.03,MNsv,9.64,2012.03,72.84
2012.03,BXsv,9.44,2012.03,72.84
2012.03,QNsv,4.47,2012.03,72.84
2011.59,BKsv,11.71,2011.59,72.84
2011.59,MNsv,9.64,2011.59,72.84
2011.59,BXsv,9.44,2011.59,72.84
2011.59,QNsv,4.47,2011.59,72.84
2011.59,BKsv,12.46,2011.59,72.84
2011.59,MNsv,10.37,2011.59,72.84
2011.59,BXsv,10.16,2011.59,72.84
2011.59,QNsv,4.59,2011.59,72.84
2012.03,BKsv,12.46,2012.03,72.84
2012.03,MNsv,10.37,2012.03,72.84
2012.03,BXsv,10.16,2012.03,72.84
2012.03,QNsv,4.59,2012.03,72.84
2012.22,BKsv,12.46,2012.22,37.58
2012.22,MNsv,10.37,2012.22,37.58
2012.22,BXsv,10.16,2012.22,37.58
2012.22,QNsv,4.59,2012.22,37.58
2011.79,BKsv,12.46,2011.79,70.48
2011.79,MNsv,10.37,2011.79,70.48
2011.79,BXsv,10.16,2011.79,70.48
2011.79,QNsv,4.59,2011.79,70.48
2011.77,BKsv,13.22,2011.77,39.8
2011.77,MNsv,11.11,2011.77,39.8
2011.77,BXsv,10.65,2011.77,39.8
2011.77,QNsv,4.82,2011.77,39.8
2012.14,BKsv,13.22,2012.14,39.8
2012.14,MNsv,11.11,2012.14,39.8
2012.14,BXsv,10.65,2012.14,39.8
2012.14,QNsv,4.82,2012.14,39.8
2012.43,BKsv,13.22,2012.43,39.8
2012.43,MNsv,11.11,2012.43,39.8
2012.43,BXsv,10.65,2012.43,39.8
2012.43,QNsv,4.82,2012.43,39.8
2012,BKsv,13.22,2012,39.8
2012,MNsv,11.11,2012,39.8
2012,BXsv,10.65,2012,39.8
2012,QNsv,4.82,2012,39.8
2011.95,BKsv,13.98,2011.95,42.14
2011.95,MNsv,11.91,2011.95,42.14
2011.95,BXsv,10.96,2011.95,42.14
2011.95,QNsv,5.29,2011.95,42.14
2012.27,BKsv,13.98,2012.27,42.14
2012.27,MNsv,11.91,2012.27,42.14
2012.27,BXsv,10.96,2012.27,42.14
2012.27,QNsv,5.29,2012.27,42.14
2012.63,BKsv,13.98,2012.63,42.14
2012.63,MNsv,11.91,2012.63,42.14
2012.63,BXsv,10.96,2012.63,42.14
2012.63,QNsv,5.29,2012.63,42.14
2012.2,BKsv,13.98,2012.2,42.14
2012.2,MNsv,11.91,2012.2,42.14
2012.2,BXsv,10.96,2012.2,42.14
2012.2,QNsv,5.29,2012.2,42.14
2012.15,BKsv,14.68,2012.15,44.5
2012.15,MNsv,12.65,2012.15,44.5
2012.15,BXsv,11.2,2012.15,44.5
2012.15,QNsv,5.97,2012.15,44.5
2012.38,BKsv,14.68,2012.38,44.5
2012.38,MNsv,12.65,2012.38,44.5
2012.38,BXsv,11.2,2012.38,44.5
2012.38,QNsv,5.97,2012.38,44.5
2012.84,BKsv,14.68,2012.84,44.5
2012.84,MNsv,12.65,2012.84,44.5
2012.84,BXsv,11.2,2012.84,44.5
2012.84,QNsv,5.97,2012.84,44.5
2012.35,BKsv,15.18,2012.35,46.85
2012.35,MNsv,13.48,2012.35,46.85
2012.35,BXsv,11.49,2012.35,46.85
2012.35,QNsv,6.7,2012.35,46.85
2012.49,BKsv,15.18,2012.49,46.85
2012.49,MNsv,13.48,2012.49,46.85
2012.49,BXsv,11.49,2012.49,46.85
2012.49,QNsv,6.7,2012.49,46.85
2013.04,BKsv,15.18,2013.04,46.85
2013.04,MNsv,13.48,2013.04,46.85
2013.04,BXsv,11.49,2013.04,46.85
2013.04,QNsv,6.7,2013.04,46.85
2012.51,BKsv,15.18,2012.51,46.85
2012.51,MNsv,13.48,2012.51,46.85
2012.51,BXsv,11.49,2012.51,46.85
2012.51,QNsv,6.7,2012.51,46.85
2012.55,BKsv,15.31,2012.55,48.989999999999995
2012.55,MNsv,14.28,2012.55,48.989999999999995
2012.55,BXsv,11.96,2012.55,48.989999999999995
2012.55,QNsv,7.44,2012.55,48.989999999999995
2012.58,BKsv,15.31,2012.58,48.989999999999995
2012.58,MNsv,14.28,2012.58,48.989999999999995
2012.58,BXsv,11.96,2012.58,48.989999999999995
2012.58,QNsv,7.44,2012.58,48.989999999999995
2013.25,BKsv,15.31,2013.25,48.989999999999995
2013.25,MNsv,14.28,2013.25,48.989999999999995
2013.25,BXsv,11.96,2013.25,48.989999999999995
2013.25,QNsv,7.44,2013.25,48.989999999999995
2012.62,BKsv,15.31,2012.62,48.989999999999995
2012.62,MNsv,14.28,2012.62,48.989999999999995
2012.62,BXsv,11.96,2012.62,48.989999999999995
2012.62,QNsv,7.44,2012.62,48.989999999999995
2012.82,BKsv,15.33,2012.82,51.32000000000001
2012.82,MNsv,15.1,2012.82,51.32000000000001
2012.82,BXsv,12.66,2012.82,51.32000000000001
2012.82,QNsv,8.23,2012.82,51.32000000000001
2012.68,BKsv,15.33,2012.68,51.32000000000001
2012.68,MNsv,15.1,2012.68,51.32000000000001
2012.68,BXsv,12.66,2012.68,51.32000000000001
2012.68,QNsv,8.23,2012.68,51.32000000000001
2013.43,BKsv,15.33,2013.43,117.03
2013.43,MNsv,15.1,2013.43,117.03
2013.43,BXsv,12.66,2013.43,117.03
2013.43,QNsv,8.23,2013.43,117.03
2012.73,BKsv,15.33,2012.73,51.32000000000001
2012.73,MNsv,15.1,2012.73,51.32000000000001
2012.73,BXsv,12.66,2012.73,51.32000000000001
2012.73,QNsv,8.23,2012.73,51.32000000000001
2013.02,BKsv,15.51,2013.02,53.870000000000005
2013.02,MNsv,15.9,2013.02,53.870000000000005
2013.02,BXsv,13.44,2013.02,53.870000000000005
2013.02,QNsv,9.02,2013.02,53.870000000000005
2012.76,BKsv,15.51,2012.76,53.870000000000005
2012.76,MNsv,15.9,2012.76,53.870000000000005
2012.76,BXsv,13.44,2012.76,53.870000000000005
2012.76,QNsv,9.02,2012.76,53.870000000000005
2013.58,BKsv,15.51,2013.58,53.870000000000005
2013.58,MNsv,15.9,2013.58,53.870000000000005
2013.58,BXsv,13.44,2013.58,53.870000000000005
2013.58,QNsv,9.02,2013.58,53.870000000000005
2012.85,BKsv,15.51,2012.85,53.870000000000005
2012.85,MNsv,15.9,2012.85,53.870000000000005
2012.85,BXsv,13.44,2012.85,53.870000000000005
2012.85,QNsv,9.02,2012.85,53.870000000000005
2013.23,BKsv,15.97,2013.23,56.65
2013.23,MNsv,16.71,2013.23,56.65
2013.23,BXsv,14.18,2013.23,56.65
2013.23,QNsv,9.79,2013.23,56.65
2012.86,BKsv,15.97,2012.86,56.65
2012.86,MNsv,16.71,2012.86,56.65
2012.86,BXsv,14.18,2012.86,56.65
2012.86,QNsv,9.79,2012.86,56.65
2013.7,BKsv,15.97,2013.7,56.65
2013.7,MNsv,16.71,2013.7,56.65
2013.7,BXsv,14.18,2013.7,56.65
2013.7,QNsv,9.79,2013.7,56.65
2012.96,BKsv,15.97,2012.96,116.44999999999999
2012.96,MNsv,16.71,2012.96,116.44999999999999
2012.96,BXsv,14.18,2012.96,116.44999999999999
2012.96,QNsv,9.79,2012.96,116.44999999999999
2013.4,BKsv,16.82,2013.4,59.8
2013.4,MNsv,17.54,2013.4,59.8
2013.4,BXsv,14.87,2013.4,59.8
2013.4,QNsv,10.57,2013.4,59.8
2012.96,BKsv,16.82,2012.96,116.44999999999999
2012.96,MNsv,17.54,2012.96,116.44999999999999
2012.96,BXsv,14.87,2012.96,116.44999999999999
2012.96,QNsv,10.57,2012.96,116.44999999999999
2013.82,BKsv,16.82,2013.82,133.10999999999999
2013.82,MNsv,17.54,2013.82,133.10999999999999
2013.82,BXsv,14.87,2013.82,133.10999999999999
2013.82,QNsv,10.57,2013.82,133.10999999999999
2013.08,BKsv,16.82,2013.08,59.8
2013.08,MNsv,17.54,2013.08,59.8
2013.08,BXsv,14.87,2013.08,59.8
2013.08,QNsv,10.57,2013.08,59.8
2013.49,BKsv,17.61,2013.49,62.93
2013.49,MNsv,18.29,2013.49,62.93
2013.49,BXsv,15.67,2013.49,62.93
2013.49,QNsv,11.36,2013.49,62.93
2013.05,BKsv,17.61,2013.05,62.93
2013.05,MNsv,18.29,2013.05,62.93
2013.05,BXsv,15.67,2013.05,62.93
2013.05,QNsv,11.36,2013.05,62.93
2013.94,BKsv,17.61,2013.94,213.70999999999998
2013.94,MNsv,18.29,2013.94,213.70999999999998
2013.94,BXsv,15.67,2013.94,213.70999999999998
2013.94,QNsv,11.36,2013.94,213.70999999999998
2013.24,BKsv,17.61,2013.24,131.07999999999998
2013.24,MNsv,18.29,2013.24,131.07999999999998
2013.24,BXsv,15.67,2013.24,131.07999999999998
2013.24,QNsv,11.36,2013.24,131.07999999999998
2013.56,BKsv,18.39,2013.56,65.71
2013.56,MNsv,18.99,2013.56,65.71
2013.56,BXsv,16.43,2013.56,65.71
2013.56,QNsv,11.9,2013.56,65.71
2013.13,BKsv,18.39,2013.13,65.71
2013.13,MNsv,18.99,2013.13,65.71
2013.13,BXsv,16.43,2013.13,65.71
2013.13,QNsv,11.9,2013.13,65.71
2014.05,BKsv,18.39,2014.05,137.7
2014.05,MNsv,18.99,2014.05,137.7
2014.05,BXsv,16.43,2014.05,137.7
2014.05,QNsv,11.9,2014.05,137.7
2013.43,BKsv,18.39,2013.43,117.03
2013.43,MNsv,18.99,2013.43,117.03
2013.43,BXsv,16.43,2013.43,117.03
2013.43,QNsv,11.9,2013.43,117.03
2013.63,BKsv,19.17,2013.63,68.15
2013.63,MNsv,19.78,2013.63,68.15
2013.63,BXsv,17.22,2013.63,68.15
2013.63,QNsv,11.98,2013.63,68.15
2013.24,BKsv,19.17,2013.24,131.07999999999998
2013.24,MNsv,19.78,2013.24,131.07999999999998
2013.24,BXsv,17.22,2013.24,131.07999999999998
2013.24,QNsv,11.98,2013.24,131.07999999999998
2014.19,BKsv,19.17,2014.19,147.23
2014.19,MNsv,19.78,2014.19,147.23
2014.19,BXsv,17.22,2014.19,147.23
2014.19,QNsv,11.98,2014.19,147.23
2013.64,BKsv,19.17,2013.64,68.15
2013.64,MNsv,19.78,2013.64,68.15
2013.64,BXsv,17.22,2013.64,68.15
2013.64,QNsv,11.98,2013.64,68.15
2013.69,BKsv,20,2013.69,70.25
2013.69,MNsv,20.52,2013.69,70.25
2013.69,BXsv,17.98,2013.69,70.25
2013.69,QNsv,11.75,2013.69,70.25
2013.37,BKsv,20,2013.37,70.25
2013.37,MNsv,20.52,2013.37,70.25
2013.37,BXsv,17.98,2013.37,70.25
2013.37,QNsv,11.75,2013.37,70.25
2014.36,BKsv,20,2014.36,70.25
2014.36,MNsv,20.52,2014.36,70.25
2014.36,BXsv,17.98,2014.36,70.25
2014.36,QNsv,11.75,2014.36,70.25
2013.84,BKsv,20,2013.84,70.25
2013.84,MNsv,20.52,2013.84,70.25
2013.84,BXsv,17.98,2013.84,70.25
2013.84,QNsv,11.75,2013.84,70.25
2013.76,BKsv,20.86,2013.76,71.99
2013.76,MNsv,21.3,2013.76,71.99
2013.76,BXsv,18.44,2013.76,71.99
2013.76,QNsv,11.39,2013.76,71.99
2013.54,BKsv,20.86,2013.54,71.99
2013.54,MNsv,21.3,2013.54,71.99
2013.54,BXsv,18.44,2013.54,71.99
2013.54,QNsv,11.39,2013.54,71.99
2014.57,BKsv,20.86,2014.57,71.99
2014.57,MNsv,21.3,2014.57,71.99
2014.57,BXsv,18.44,2014.57,71.99
2014.57,QNsv,11.39,2014.57,71.99
2014.05,BKsv,20.86,2014.05,137.7
2014.05,MNsv,21.3,2014.05,137.7
2014.05,BXsv,18.44,2014.05,137.7
2014.05,QNsv,11.39,2014.05,137.7
2013.82,BKsv,21.65,2013.82,133.10999999999999
2013.82,MNsv,22.02,2013.82,133.10999999999999
2013.82,BXsv,18.53,2013.82,133.10999999999999
2013.82,QNsv,11.11,2013.82,133.10999999999999
2013.73,BKsv,21.65,2013.73,73.31
2013.73,MNsv,22.02,2013.73,73.31
2013.73,BXsv,18.53,2013.73,73.31
2013.73,QNsv,11.11,2013.73,73.31
2014.77,BKsv,21.65,2014.77,73.31
2014.77,MNsv,22.02,2014.77,73.31
2014.77,BXsv,18.53,2014.77,73.31
2014.77,QNsv,11.11,2014.77,73.31
2014.25,BKsv,21.65,2014.25,73.31
2014.25,MNsv,22.02,2014.25,73.31
2014.25,BXsv,18.53,2014.25,73.31
2014.25,QNsv,11.11,2014.25,73.31
2013.89,BKsv,22.77,2013.89,74.85000000000001
2013.89,MNsv,22.6,2013.89,74.85000000000001
2013.89,BXsv,18.39,2013.89,74.85000000000001
2013.89,QNsv,11.09,2013.89,74.85000000000001
2013.94,BKsv,22.77,2013.94,213.70999999999998
2013.94,MNsv,22.6,2013.94,213.70999999999998
2013.94,BXsv,18.39,2013.94,213.70999999999998
2013.94,QNsv,11.09,2013.94,213.70999999999998
2014.98,BKsv,22.77,2014.98,74.85000000000001
2014.98,MNsv,22.6,2014.98,74.85000000000001
2014.98,BXsv,18.39,2014.98,74.85000000000001
2014.98,QNsv,11.09,2014.98,74.85000000000001
2014.46,BKsv,22.77,2014.46,74.85000000000001
2014.46,MNsv,22.6,2014.46,74.85000000000001
2014.46,BXsv,18.39,2014.46,74.85000000000001
2014.46,QNsv,11.09,2014.46,74.85000000000001
2013.94,BKsv,23.57,2013.94,213.70999999999998
2013.94,MNsv,22.95,2013.94,213.70999999999998
2013.94,BXsv,18.16,2013.94,213.70999999999998
2013.94,QNsv,11.25,2013.94,213.70999999999998
2014.14,BKsv,23.57,2014.14,75.92999999999999
2014.14,MNsv,22.95,2014.14,75.92999999999999
2014.14,BXsv,18.16,2014.14,75.92999999999999
2014.14,QNsv,11.25,2014.14,75.92999999999999
2015.18,BKsv,23.57,2015.18,156.53
2015.18,MNsv,22.95,2015.18,156.53
2015.18,BXsv,18.16,2015.18,156.53
2015.18,QNsv,11.25,2015.18,156.53
2014.66,BKsv,23.57,2014.66,75.92999999999999
2014.66,MNsv,22.95,2014.66,75.92999999999999
2014.66,BXsv,18.16,2014.66,75.92999999999999
2014.66,QNsv,11.25,2014.66,75.92999999999999
2014,BKsv,24.35,2014,76.94999999999999
2014,MNsv,23.1,2014,76.94999999999999
2014,BXsv,17.96,2014,76.94999999999999
2014,QNsv,11.54,2014,76.94999999999999
2014.34,BKsv,24.35,2014.34,76.94999999999999
2014.34,MNsv,23.1,2014.34,76.94999999999999
2014.34,BXsv,17.96,2014.34,76.94999999999999
2014.34,QNsv,11.54,2014.34,76.94999999999999
2015.39,BKsv,24.35,2015.39,158.5
2015.39,MNsv,23.1,2015.39,158.5
2015.39,BXsv,17.96,2015.39,158.5
2015.39,QNsv,11.54,2015.39,158.5
2014.87,BKsv,24.35,2014.87,156.02999999999997
2014.87,MNsv,23.1,2014.87,156.02999999999997
2014.87,BXsv,17.96,2014.87,156.02999999999997
2014.87,QNsv,11.54,2014.87,156.02999999999997
2014.06,BKsv,25.13,2014.06,77.8
2014.06,MNsv,22.86,2014.06,77.8
2014.06,BXsv,17.92,2014.06,77.8
2014.06,QNsv,11.89,2014.06,77.8
2014.55,BKsv,25.13,2014.55,77.8
2014.55,MNsv,22.86,2014.55,77.8
2014.55,BXsv,17.92,2014.55,77.8
2014.55,QNsv,11.89,2014.55,77.8
2015.59,BKsv,25.13,2015.59,77.8
2015.59,MNsv,22.86,2015.59,77.8
2015.59,BXsv,17.92,2015.59,77.8
2015.59,QNsv,11.89,2015.59,77.8
2015.07,BKsv,25.13,2015.07,77.8
2015.07,MNsv,22.86,2015.07,77.8
2015.07,BXsv,17.92,2015.07,77.8
2015.07,QNsv,11.89,2015.07,77.8
2014.11,BKsv,25.94,2014.11,78.41
2014.11,MNsv,22.2,2014.11,78.41
2014.11,BXsv,17.98,2014.11,78.41
2014.11,QNsv,12.29,2014.11,78.41
2014.73,BKsv,25.94,2014.73,78.41
2014.73,MNsv,22.2,2014.73,78.41
2014.73,BXsv,17.98,2014.73,78.41
2014.73,QNsv,12.29,2014.73,78.41
2015.8,BKsv,25.94,2015.8,164.12999999999997
2015.8,MNsv,22.2,2015.8,164.12999999999997
2015.8,BXsv,17.98,2015.8,164.12999999999997
2015.8,QNsv,12.29,2015.8,164.12999999999997
2015.28,BKsv,25.94,2015.28,78.41
2015.28,MNsv,22.2,2015.28,78.41
2015.28,BXsv,17.98,2015.28,78.41
2015.28,QNsv,12.29,2015.28,78.41
2014.19,BKsv,26.84,2014.19,147.23
2014.19,MNsv,21.47,2014.19,147.23
2014.19,BXsv,18.07,2014.19,147.23
2014.19,QNsv,12.7,2014.19,147.23
2014.87,BKsv,26.84,2014.87,156.02999999999997
2014.87,MNsv,21.47,2014.87,156.02999999999997
2014.87,BXsv,18.07,2014.87,156.02999999999997
2014.87,QNsv,12.7,2014.87,156.02999999999997
2016,BKsv,26.84,2016,79.08
2016,MNsv,21.47,2016,79.08
2016,BXsv,18.07,2016,79.08
2016,QNsv,12.7,2016,79.08
2015.48,BKsv,26.84,2015.48,79.08
2015.48,MNsv,21.47,2015.48,79.08
2015.48,BXsv,18.07,2015.48,79.08
2015.48,QNsv,12.7,2015.48,79.08
2014.27,BKsv,27.78,2014.27,79.87
2014.27,MNsv,20.74,2014.27,79.87
2014.27,BXsv,18.12,2014.27,79.87
2014.27,QNsv,13.23,2014.27,79.87
2015.01,BKsv,27.78,2015.01,79.87
2015.01,MNsv,20.74,2015.01,79.87
2015.01,BXsv,18.12,2015.01,79.87
2015.01,QNsv,13.23,2015.01,79.87
2016.21,BKsv,27.78,2016.21,79.87
2016.21,MNsv,20.74,2016.21,79.87
2016.21,BXsv,18.12,2016.21,79.87
2016.21,QNsv,13.23,2016.21,79.87
2015.69,BKsv,27.78,2015.69,79.87
2015.69,MNsv,20.74,2015.69,79.87
2015.69,BXsv,18.12,2015.69,79.87
2015.69,QNsv,13.23,2015.69,79.87
2014.35,BKsv,28.64,2014.35,80.6
2014.35,MNsv,19.98,2014.35,80.6
2014.35,BXsv,18.04,2014.35,80.6
2014.35,QNsv,13.94,2014.35,80.6
2015.18,BKsv,28.64,2015.18,156.53
2015.18,MNsv,19.98,2015.18,156.53
2015.18,BXsv,18.04,2015.18,156.53
2015.18,QNsv,13.94,2015.18,156.53
2016.41,BKsv,28.64,2016.41,80.6
2016.41,MNsv,19.98,2016.41,80.6
2016.41,BXsv,18.04,2016.41,80.6
2016.41,QNsv,13.94,2016.41,80.6
2015.89,BKsv,28.64,2015.89,80.6
2015.89,MNsv,19.98,2015.89,80.6
2015.89,BXsv,18.04,2015.89,80.6
2015.89,QNsv,13.94,2015.89,80.6
2014.44,BKsv,29.48,2014.44,81.55
2014.44,MNsv,19.65,2014.44,81.55
2014.44,BXsv,17.77,2014.44,81.55
2014.44,QNsv,14.65,2014.44,81.55
2015.39,BKsv,29.48,2015.39,158.5
2015.39,MNsv,19.65,2015.39,158.5
2015.39,BXsv,17.77,2015.39,158.5
2015.39,QNsv,14.65,2015.39,158.5
2016.62,BKsv,29.48,2016.62,148.41
2016.62,MNsv,19.65,2016.62,148.41
2016.62,BXsv,17.77,2016.62,148.41
2016.62,QNsv,14.65,2016.62,148.41
2016.09,BKsv,29.48,2016.09,164.85999999999999
2016.09,MNsv,19.65,2016.09,164.85999999999999
2016.09,BXsv,17.77,2016.09,164.85999999999999
2016.09,QNsv,14.65,2016.09,164.85999999999999
2014.53,BKsv,30.28,2014.53,82.85
2014.53,MNsv,20.15,2014.53,82.85
2014.53,BXsv,17.23,2014.53,82.85
2014.53,QNsv,15.19,2014.53,82.85
2015.58,BKsv,30.28,2015.58,82.85
2015.58,MNsv,20.15,2015.58,82.85
2015.58,BXsv,17.23,2015.58,82.85
2015.58,QNsv,15.19,2015.58,82.85
2016.82,BKsv,30.28,2016.82,82.85
2016.82,MNsv,20.15,2016.82,82.85
2016.82,BXsv,17.23,2016.82,82.85
2016.82,QNsv,15.19,2016.82,82.85
2016.3,BKsv,30.28,2016.3,82.85
2016.3,MNsv,20.15,2016.3,82.85
2016.3,BXsv,17.23,2016.3,82.85
2016.3,QNsv,15.19,2016.3,82.85
2014.63,BKsv,31.06,2014.63,83.95
2014.63,MNsv,20.96,2014.63,83.95
2014.63,BXsv,16.53,2014.63,83.95
2014.63,QNsv,15.4,2014.63,83.95
2015.68,BKsv,31.06,2015.68,83.95
2015.68,MNsv,20.96,2015.68,83.95
2015.68,BXsv,16.53,2015.68,83.95
2015.68,QNsv,15.4,2015.68,83.95
2017.02,BKsv,31.06,2017.02,235.67000000000002
2017.02,MNsv,20.96,2017.02,235.67000000000002
2017.02,BXsv,16.53,2017.02,235.67000000000002
2017.02,QNsv,15.4,2017.02,235.67000000000002
2016.5,BKsv,31.06,2016.5,83.95
2016.5,MNsv,20.96,2016.5,83.95
2016.5,BXsv,16.53,2016.5,83.95
2016.5,QNsv,15.4,2016.5,83.95
2014.71,BKsv,31.79,2014.71,84.46000000000001
2014.71,MNsv,21.79,2014.71,84.46000000000001
2014.71,BXsv,15.81,2014.71,84.46000000000001
2014.71,QNsv,15.07,2014.71,84.46000000000001
2015.75,BKsv,31.79,2015.75,84.46000000000001
2015.75,MNsv,21.79,2015.75,84.46000000000001
2015.75,BXsv,15.81,2015.75,84.46000000000001
2015.75,QNsv,15.07,2015.75,84.46000000000001
2017.2,BKsv,31.79,2017.2,84.46000000000001
2017.2,MNsv,21.79,2017.2,84.46000000000001
2017.2,BXsv,15.81,2017.2,84.46000000000001
2017.2,QNsv,15.07,2017.2,84.46000000000001
2016.71,BKsv,31.79,2016.71,167.77
2016.71,MNsv,21.79,2016.71,167.77
2016.71,BXsv,15.81,2016.71,167.77
2016.71,QNsv,15.07,2016.71,167.77
2014.8,BKsv,32.6,2014.8,84.75999999999999
2014.8,MNsv,22.62,2014.8,84.75999999999999
2014.8,BXsv,15.22,2014.8,84.75999999999999
2014.8,QNsv,14.32,2014.8,84.75999999999999
2015.82,BKsv,32.6,2015.82,84.75999999999999
2015.82,MNsv,22.62,2015.82,84.75999999999999
2015.82,BXsv,15.22,2015.82,84.75999999999999
2015.82,QNsv,14.32,2015.82,84.75999999999999
2017.35,BKsv,32.6,2017.35,84.75999999999999
2017.35,MNsv,22.62,2017.35,84.75999999999999
2017.35,BXsv,15.22,2017.35,84.75999999999999
2017.35,QNsv,14.32,2017.35,84.75999999999999
2016.89,BKsv,32.6,2016.89,84.75999999999999
2016.89,MNsv,22.62,2016.89,84.75999999999999
2016.89,BXsv,15.22,2016.89,84.75999999999999
2016.89,QNsv,14.32,2016.89,84.75999999999999
2014.91,BKsv,33.38,2014.91,84.86
2014.91,MNsv,23.44,2014.91,84.86
2014.91,BXsv,14.44,2014.91,84.86
2014.91,QNsv,13.6,2014.91,84.86
2015.88,BKsv,33.38,2015.88,84.86
2015.88,MNsv,23.44,2015.88,84.86
2015.88,BXsv,14.44,2015.88,84.86
2015.88,QNsv,13.6,2015.88,84.86
2017.62,BKsv,33.38,2017.62,84.86
2017.62,MNsv,23.44,2017.62,84.86
2017.62,BXsv,14.44,2017.62,84.86
2017.62,QNsv,13.6,2017.62,84.86
2017.02,BKsv,33.38,2017.02,235.67000000000002
2017.02,MNsv,23.44,2017.02,235.67000000000002
2017.02,BXsv,14.44,2017.02,235.67000000000002
2017.02,QNsv,13.6,2017.02,235.67000000000002
2015.04,BKsv,34.15,2015.04,85.31
2015.04,MNsv,24.22,2015.04,85.31
2015.04,BXsv,14.07,2015.04,85.31
2015.04,QNsv,12.87,2015.04,85.31
2015.94,BKsv,34.15,2015.94,171.69
2015.94,MNsv,24.22,2015.94,171.69
2015.94,BXsv,14.07,2015.94,171.69
2015.94,QNsv,12.87,2015.94,171.69
2017.83,BKsv,34.15,2017.83,85.31
2017.83,MNsv,24.22,2017.83,85.31
2017.83,BXsv,14.07,2017.83,85.31
2017.83,QNsv,12.87,2017.83,85.31
2017.14,BKsv,34.15,2017.14,145.85
2017.14,MNsv,24.22,2017.14,145.85
2017.14,BXsv,14.07,2017.14,145.85
2017.14,QNsv,12.87,2017.14,145.85
2015.22,BKsv,34.88,2015.22,85.84
2015.22,MNsv,24.98,2015.22,85.84
2015.22,BXsv,13.87,2015.22,85.84
2015.22,QNsv,12.11,2015.22,85.84
2015.99,BKsv,34.88,2015.99,85.84
2015.99,MNsv,24.98,2015.99,85.84
2015.99,BXsv,13.87,2015.99,85.84
2015.99,QNsv,12.11,2015.99,85.84
2018.03,BKsv,34.88,2018.03,85.84
2018.03,MNsv,24.98,2018.03,85.84
2018.03,BXsv,13.87,2018.03,85.84
2018.03,QNsv,12.11,2018.03,85.84
2017.27,BKsv,34.88,2017.27,144.70000000000002
2017.27,MNsv,24.98,2017.27,144.70000000000002
2017.27,BXsv,13.87,2017.27,144.70000000000002
2017.27,QNsv,12.11,2017.27,144.70000000000002
2015.42,BKsv,35.14,2015.42,86.07
2015.42,MNsv,25.76,2015.42,86.07
2015.42,BXsv,13.79,2015.42,86.07
2015.42,QNsv,11.38,2015.42,86.07
2016.05,BKsv,35.14,2016.05,86.07
2016.05,MNsv,25.76,2016.05,86.07
2016.05,BXsv,13.79,2016.05,86.07
2016.05,QNsv,11.38,2016.05,86.07
2018.22,BKsv,35.14,2018.22,86.07
2018.22,MNsv,25.76,2018.22,86.07
2018.22,BXsv,13.79,2018.22,86.07
2018.22,QNsv,11.38,2018.22,86.07
2017.42,BKsv,35.14,2017.42,86.07
2017.42,MNsv,25.76,2017.42,86.07
2017.42,BXsv,13.79,2017.42,86.07
2017.42,QNsv,11.38,2017.42,86.07
2015.6,BKsv,34.69,2015.6,85.63
2015.6,MNsv,26.5,2015.6,85.63
2015.6,BXsv,13.63,2015.6,85.63
2015.6,QNsv,10.81,2015.6,85.63
2016.1,BKsv,34.69,2016.1,85.63
2016.1,MNsv,26.5,2016.1,85.63
2016.1,BXsv,13.63,2016.1,85.63
2016.1,QNsv,10.81,2016.1,85.63
2018.46,BKsv,34.69,2018.46,85.63
2018.46,MNsv,26.5,2018.46,85.63
2018.46,BXsv,13.63,2018.46,85.63
2018.46,QNsv,10.81,2018.46,85.63
2017.6,BKsv,34.69,2017.6,NA
2017.6,MNsv,26.5,2017.6,NA
2017.6,BXsv,13.63,2017.6,NA
2017.6,QNsv,10.81,2017.6,NA
2015.73,BKsv,33.84,2015.73,85.27
2015.73,MNsv,27.27,2015.73,85.27
2015.73,BXsv,13.33,2015.73,85.27
2015.73,QNsv,10.83,2015.73,85.27
2016.16,BKsv,33.84,2016.16,166.46999999999997
2016.16,MNsv,27.27,2016.16,166.46999999999997
2016.16,BXsv,13.33,2016.16,166.46999999999997
2016.16,QNsv,10.83,2016.16,166.46999999999997
2018.68,BKsv,33.84,2018.68,85.27
2018.68,MNsv,27.27,2018.68,85.27
2018.68,BXsv,13.33,2018.68,85.27
2018.68,QNsv,10.83,2018.68,85.27
2017.81,BKsv,33.84,2017.81,NA
2017.81,MNsv,27.27,2017.81,NA
2017.81,BXsv,13.33,2017.81,NA
2017.81,QNsv,10.83,2017.81,NA
2015.8,BKsv,33.16,2015.8,164.12999999999997
2015.8,MNsv,28.13,2015.8,164.12999999999997
2015.8,BXsv,13.01,2015.8,164.12999999999997
2015.8,QNsv,11.42,2015.8,164.12999999999997
2016.24,BKsv,33.16,2016.24,85.72
2016.24,MNsv,28.13,2016.24,85.72
2016.24,BXsv,13.01,2016.24,85.72
2016.24,QNsv,11.42,2016.24,85.72
2018.89,BKsv,33.16,2018.89,85.72
2018.89,MNsv,28.13,2018.89,85.72
2018.89,BXsv,13.01,2018.89,85.72
2018.89,QNsv,11.42,2018.89,85.72
2018.01,BKsv,33.16,2018.01,85.72
2018.01,MNsv,28.13,2018.01,85.72
2018.01,BXsv,13.01,2018.01,85.72
2018.01,QNsv,11.42,2018.01,85.72
2015.87,BKsv,32.47,2015.87,86.12
2015.87,MNsv,28.93,2015.87,86.12
2015.87,BXsv,12.57,2015.87,86.12
2015.87,QNsv,12.15,2015.87,86.12
2016.33,BKsv,32.47,2016.33,86.12
2016.33,MNsv,28.93,2016.33,86.12
2016.33,BXsv,12.57,2016.33,86.12
2016.33,QNsv,12.15,2016.33,86.12
2019.09,BKsv,32.47,2019.09,86.12
2019.09,MNsv,28.93,2019.09,86.12
2019.09,BXsv,12.57,2019.09,86.12
2019.09,QNsv,12.15,2019.09,86.12
2018.2,BKsv,32.47,2018.2,86.12
2018.2,MNsv,28.93,2018.2,86.12
2018.2,BXsv,12.57,2018.2,86.12
2018.2,QNsv,12.15,2018.2,86.12
2015.94,BKsv,31.73,2015.94,171.69
2015.94,MNsv,29.69,2015.94,171.69
2015.94,BXsv,12.07,2015.94,171.69
2015.94,QNsv,12.89,2015.94,171.69
2016.49,BKsv,31.73,2016.49,86.38000000000001
2016.49,MNsv,29.69,2016.49,86.38000000000001
2016.49,BXsv,12.07,2016.49,86.38000000000001
2016.49,QNsv,12.89,2016.49,86.38000000000001
2019.3,BKsv,31.73,2019.3,NA
2019.3,MNsv,29.69,2019.3,NA
2019.3,BXsv,12.07,2019.3,NA
2019.3,QNsv,12.89,2019.3,NA
2018.38,BKsv,31.73,2018.38,86.38000000000001
2018.38,MNsv,29.69,2018.38,86.38000000000001
2018.38,BXsv,12.07,2018.38,86.38000000000001
2018.38,QNsv,12.89,2018.38,86.38000000000001
2016.01,BKsv,30.97,2016.01,85.21
2016.01,MNsv,29.25,2016.01,85.21
2016.01,BXsv,11.5,2016.01,85.21
2016.01,QNsv,13.49,2016.01,85.21
2016.64,BKsv,30.97,2016.64,85.21
2016.64,MNsv,29.25,2016.64,85.21
2016.64,BXsv,11.5,2016.64,85.21
2016.64,QNsv,13.49,2016.64,85.21
2019.5,BKsv,30.97,2019.5,85.21
2019.5,MNsv,29.25,2019.5,85.21
2019.5,BXsv,11.5,2019.5,85.21
2019.5,QNsv,13.49,2019.5,85.21
2018.57,BKsv,30.97,2018.57,85.21
2018.57,MNsv,29.25,2018.57,85.21
2018.57,BXsv,11.5,2018.57,85.21
2018.57,QNsv,13.49,2018.57,85.21
2016.09,BKsv,30.13,2016.09,164.85999999999999
2016.09,MNsv,28.59,2016.09,164.85999999999999
2016.09,BXsv,10.91,2016.09,164.85999999999999
2016.09,QNsv,13.68,2016.09,164.85999999999999
2016.71,BKsv,30.13,2016.71,167.77
2016.71,MNsv,28.59,2016.71,167.77
2016.71,BXsv,10.91,2016.71,167.77
2016.71,QNsv,13.68,2016.71,167.77
2019.68,BKsv,30.13,2019.68,83.31
2019.68,MNsv,28.59,2019.68,83.31
2019.68,BXsv,10.91,2019.68,83.31
2019.68,QNsv,13.68,2019.68,83.31
2018.78,BKsv,30.13,2018.78,83.31
2018.78,MNsv,28.59,2018.78,83.31
2018.78,BXsv,10.91,2018.78,83.31
2018.78,QNsv,13.68,2018.78,83.31
2016.16,BKsv,29.27,2016.16,166.46999999999997
2016.16,MNsv,27.85,2016.16,166.46999999999997
2016.16,BXsv,10.63,2016.16,166.46999999999997
2016.16,QNsv,13.45,2016.16,166.46999999999997
2016.77,BKsv,29.27,2016.77,81.2
2016.77,MNsv,27.85,2016.77,81.2
2016.77,BXsv,10.63,2016.77,81.2
2016.77,QNsv,13.45,2016.77,81.2
2019.9,BKsv,29.27,2019.9,148.06
2019.9,MNsv,27.85,2019.9,148.06
2019.9,BXsv,10.63,2019.9,148.06
2019.9,QNsv,13.45,2019.9,148.06
2018.98,BKsv,29.27,2018.98,81.2
2018.98,MNsv,27.85,2018.98,81.2
2018.98,BXsv,10.63,2018.98,81.2
2018.98,QNsv,13.45,2018.98,81.2
2016.22,BKsv,28.72,2016.22,78.65
2016.22,MNsv,27.06,2016.22,78.65
2016.22,BXsv,9.9,2016.22,78.65
2016.22,QNsv,12.97,2016.22,78.65
2016.83,BKsv,28.72,2016.83,78.65
2016.83,MNsv,27.06,2016.83,78.65
2016.83,BXsv,9.9,2016.83,78.65
2016.83,QNsv,12.97,2016.83,78.65
2020.1,BKsv,28.72,2020.1,78.65
2020.1,MNsv,27.06,2020.1,78.65
2020.1,BXsv,9.9,2020.1,78.65
2020.1,QNsv,12.97,2020.1,78.65
2019.18,BKsv,28.72,2019.18,78.65
2019.18,MNsv,27.06,2019.18,78.65
2019.18,BXsv,9.9,2019.18,78.65
2019.18,QNsv,12.97,2019.18,78.65
2016.32,BKsv,27.56,2016.32,75.34
2016.32,MNsv,26.19,2016.32,75.34
2016.32,BXsv,9.23,2016.32,75.34
2016.32,QNsv,12.36,2016.32,75.34
2016.87,BKsv,27.56,2016.87,75.34
2016.87,MNsv,26.19,2016.87,75.34
2016.87,BXsv,9.23,2016.87,75.34
2016.87,QNsv,12.36,2016.87,75.34
2020.3,BKsv,27.56,2020.3,75.34
2020.3,MNsv,26.19,2020.3,75.34
2020.3,BXsv,9.23,2020.3,75.34
2020.3,QNsv,12.36,2020.3,75.34
2019.38,BKsv,27.56,2019.38,75.34
2019.38,MNsv,26.19,2019.38,75.34
2019.38,BXsv,9.23,2019.38,75.34
2019.38,QNsv,12.36,2019.38,75.34
2016.39,BKsv,26.74,2016.39,72.28
2016.39,MNsv,25.29,2016.39,72.28
2016.39,BXsv,8.59,2016.39,72.28
2016.39,QNsv,11.66,2016.39,72.28
2016.92,BKsv,26.74,2016.92,72.28
2016.92,MNsv,25.29,2016.92,72.28
2016.92,BXsv,8.59,2016.92,72.28
2016.92,QNsv,11.66,2016.92,72.28
2020.52,BKsv,26.74,2020.52,72.28
2020.52,MNsv,25.29,2020.52,72.28
2020.52,BXsv,8.59,2020.52,72.28
2020.52,QNsv,11.66,2020.52,72.28
2019.57,BKsv,26.74,2019.57,72.28
2019.57,MNsv,25.29,2019.57,72.28
2019.57,BXsv,8.59,2019.57,72.28
2019.57,QNsv,11.66,2019.57,72.28
2016.48,BKsv,26,2016.48,69.49
2016.48,MNsv,24.38,2016.48,69.49
2016.48,BXsv,8.15,2016.48,69.49
2016.48,QNsv,10.96,2016.48,69.49
2016.98,BKsv,26,2016.98,69.49
2016.98,MNsv,24.38,2016.98,69.49
2016.98,BXsv,8.15,2016.98,69.49
2016.98,QNsv,10.96,2016.98,69.49
2020.71,BKsv,26,2020.71,69.49
2020.71,MNsv,24.38,2020.71,69.49
2020.71,BXsv,8.15,2020.71,69.49
2020.71,QNsv,10.96,2020.71,69.49
2019.74,BKsv,26,2019.74,69.49
2019.74,MNsv,24.38,2019.74,69.49
2019.74,BXsv,8.15,2019.74,69.49
2019.74,QNsv,10.96,2019.74,69.49
2016.62,BKsv,25.27,2016.62,148.41
2016.62,MNsv,23.43,2016.62,148.41
2016.62,BXsv,7.88,2016.62,148.41
2016.62,QNsv,10.28,2016.62,148.41
2017.02,BKsv,25.27,2017.02,235.67000000000002
2017.02,MNsv,23.43,2017.02,235.67000000000002
2017.02,BXsv,7.88,2017.02,235.67000000000002
2017.02,QNsv,10.28,2017.02,235.67000000000002
2020.92,BKsv,25.27,2020.92,66.86
2020.92,MNsv,23.43,2020.92,66.86
2020.92,BXsv,7.88,2020.92,66.86
2020.92,QNsv,10.28,2020.92,66.86
2019.9,BKsv,25.27,2019.9,148.06
2019.9,MNsv,23.43,2019.9,148.06
2019.9,BXsv,7.88,2019.9,148.06
2019.9,QNsv,10.28,2019.9,148.06
2016.76,BKsv,24.57,2016.76,64.47
2016.76,MNsv,22.53,2016.76,64.47
2016.76,BXsv,7.86,2016.76,64.47
2016.76,QNsv,9.51,2016.76,64.47
2017.07,BKsv,24.57,2017.07,64.47
2017.07,MNsv,22.53,2017.07,64.47
2017.07,BXsv,7.86,2017.07,64.47
2017.07,QNsv,9.51,2017.07,64.47
2021.12,BKsv,24.57,2021.12,64.47
2021.12,MNsv,22.53,2021.12,64.47
2021.12,BXsv,7.86,2021.12,64.47
2021.12,QNsv,9.51,2021.12,64.47
2020.04,BKsv,24.57,2020.04,64.47
2020.04,MNsv,22.53,2020.04,64.47
2020.04,BXsv,7.86,2020.04,64.47
2020.04,QNsv,9.51,2020.04,64.47
2016.9,BKsv,23.95,2016.9,62.41
2016.9,MNsv,21.69,2016.9,62.41
2016.9,BXsv,8.02,2016.9,62.41
2016.9,QNsv,8.75,2016.9,62.41
2017.11,BKsv,23.95,2017.11,62.41
2017.11,MNsv,21.69,2017.11,62.41
2017.11,BXsv,8.02,2017.11,62.41
2017.11,QNsv,8.75,2017.11,62.41
2021.33,BKsv,23.95,2021.33,62.41
2021.33,MNsv,21.69,2021.33,62.41
2021.33,BXsv,8.02,2021.33,62.41
2021.33,QNsv,8.75,2021.33,62.41
2020.16,BKsv,23.95,2020.16,62.41
2020.16,MNsv,21.69,2020.16,62.41
2020.16,BXsv,8.02,2020.16,62.41
2020.16,QNsv,8.75,2020.16,62.41
2017.09,BKsv,23.27,2017.09,60.54
2017.09,MNsv,20.94,2017.09,60.54
2017.09,BXsv,8.29,2017.09,60.54
2017.09,QNsv,8.04,2017.09,60.54
2017.14,BKsv,23.27,2017.14,145.85
2017.14,MNsv,20.94,2017.14,145.85
2017.14,BXsv,8.29,2017.14,145.85
2017.14,QNsv,8.04,2017.14,145.85
2021.53,BKsv,23.27,2021.53,60.54
2021.53,MNsv,20.94,2021.53,60.54
2021.53,BXsv,8.29,2021.53,60.54
2021.53,QNsv,8.04,2021.53,60.54
2020.27,BKsv,23.27,2020.27,60.54
2020.27,MNsv,20.94,2020.27,60.54
2020.27,BXsv,8.29,2020.27,60.54
2020.27,QNsv,8.04,2020.27,60.54
2017.27,BKsv,22.93,2017.27,144.70000000000002
2017.27,MNsv,20.08,2017.27,144.70000000000002
2017.27,BXsv,8.57,2017.27,144.70000000000002
2017.27,QNsv,7.28,2017.27,144.70000000000002
2017.18,BKsv,22.93,2017.18,58.86
2017.18,MNsv,20.08,2017.18,58.86
2017.18,BXsv,8.57,2017.18,58.86
2017.18,QNsv,7.28,2017.18,58.86
2021.74,BKsv,22.93,2021.74,58.86
2021.74,MNsv,20.08,2021.74,58.86
2021.74,BXsv,8.57,2021.74,58.86
2021.74,QNsv,7.28,2021.74,58.86
2020.39,BKsv,22.93,2020.39,NA
2020.39,MNsv,20.08,2020.39,NA
2020.39,BXsv,8.57,2020.39,NA
2020.39,QNsv,7.28,2020.39,NA
2017.47,BKsv,22.88,2017.47,57.46
2017.47,MNsv,19.29,2017.47,57.46
2017.47,BXsv,8.79,2017.47,57.46
2017.47,QNsv,6.5,2017.47,57.46
2017.22,BKsv,22.88,2017.22,57.46
2017.22,MNsv,19.29,2017.22,57.46
2017.22,BXsv,8.79,2017.22,57.46
2017.22,QNsv,6.5,2017.22,57.46
2021.92,BKsv,22.88,2021.92,57.46
2021.92,MNsv,19.29,2021.92,57.46
2021.92,BXsv,8.79,2021.92,57.46
2021.92,QNsv,6.5,2021.92,57.46
2020.53,BKsv,22.88,2020.53,57.46
2020.53,MNsv,19.29,2020.53,57.46
2020.53,BXsv,8.79,2020.53,57.46
2020.53,QNsv,6.5,2020.53,57.46
2017.66,BKsv,23.29,2017.66,NA
2017.66,MNsv,18.5,2017.66,NA
2017.66,BXsv,NA,2017.66,NA
2017.66,QNsv,5.76,2017.66,NA
2017.26,BKsv,23.29,2017.26,NA
2017.26,MNsv,18.5,2017.26,NA
2017.26,BXsv,NA,2017.26,NA
2017.26,QNsv,5.76,2017.26,NA
2020.67,BKsv,23.29,2020.67,NA
2020.67,MNsv,18.5,2020.67,NA
2020.67,BXsv,NA,2020.67,NA
2020.67,QNsv,5.76,2020.67,NA
2017.81,BKsv,24.04,2017.81,NA
2017.81,MNsv,17.74,2017.81,NA
2017.81,BXsv,NA,2017.81,NA
2017.81,QNsv,5.15,2017.81,NA
2017.3,BKsv,24.04,2017.3,NA
2017.3,MNsv,17.74,2017.3,NA
2017.3,BXsv,NA,2017.3,NA
2017.3,QNsv,5.15,2017.3,NA
2020.86,BKsv,24.04,2020.86,NA
2020.86,MNsv,17.74,2020.86,NA
2020.86,BXsv,NA,2020.86,NA
2020.86,QNsv,5.15,2020.86,NA
2017.9,BKsv,24.9,2017.9,NA
2017.9,MNsv,16.99,2017.9,NA
2017.9,BXsv,NA,2017.9,NA
2017.9,QNsv,4.94,2017.9,NA
2017.33,BKsv,24.9,2017.33,NA
2017.33,MNsv,16.99,2017.33,NA
2017.33,BXsv,NA,2017.33,NA
2017.33,QNsv,4.94,2017.33,NA
2021.06,BKsv,24.9,2021.06,NA
2021.06,MNsv,16.99,2021.06,NA
2021.06,BXsv,NA,2021.06,NA
2021.06,QNsv,4.94,2021.06,NA
2017.97,BKsv,25.77,2017.97,NA
2017.97,MNsv,16.3,2017.97,NA
2017.97,BXsv,NA,2017.97,NA
2017.97,QNsv,5.14,2017.97,NA
2017.37,BKsv,25.77,2017.37,NA
2017.37,MNsv,16.3,2017.37,NA
2017.37,BXsv,NA,2017.37,NA
2017.37,QNsv,5.14,2017.37,NA
2021.27,BKsv,25.77,2021.27,NA
2021.27,MNsv,16.3,2021.27,NA
2021.27,BXsv,NA,2021.27,NA
2021.27,QNsv,5.14,2021.27,NA
2018.04,BKsv,26.61,2018.04,NA
2018.04,MNsv,15.55,2018.04,NA
2018.04,BXsv,NA,2018.04,NA
2018.04,QNsv,5.57,2018.04,NA
2017.41,BKsv,26.61,2017.41,NA
2017.41,MNsv,15.55,2017.41,NA
2017.41,BXsv,NA,2017.41,NA
2017.41,QNsv,5.57,2017.41,NA
2021.47,BKsv,26.61,2021.47,NA
2021.47,MNsv,15.55,2021.47,NA
2021.47,BXsv,NA,2021.47,NA
2021.47,QNsv,5.57,2021.47,NA
2018.11,BKsv,27.55,2018.11,NA
2018.11,MNsv,14.69,2018.11,NA
2018.11,BXsv,NA,2018.11,NA
2018.11,QNsv,6.08,2018.11,NA
2017.46,BKsv,27.55,2017.46,NA
2017.46,MNsv,14.69,2017.46,NA
2017.46,BXsv,NA,2017.46,NA
2017.46,QNsv,6.08,2017.46,NA
2021.68,BKsv,27.55,2021.68,NA
2021.68,MNsv,14.69,2021.68,NA
2021.68,BXsv,NA,2021.68,NA
2021.68,QNsv,6.08,2021.68,NA
2018.19,BKsv,28.5,2018.19,NA
2018.19,MNsv,13.84,2018.19,NA
2018.19,BXsv,NA,2018.19,NA
2018.19,QNsv,6.54,2018.19,NA
2017.54,BKsv,28.5,2017.54,NA
2017.54,MNsv,13.84,2017.54,NA
2017.54,BXsv,NA,2017.54,NA
2017.54,QNsv,6.54,2017.54,NA
2021.88,BKsv,28.5,2021.88,NA
2021.88,MNsv,13.84,2021.88,NA
2021.88,BXsv,NA,2021.88,NA
2021.88,QNsv,6.54,2021.88,NA
2018.27,BKsv,29.45,2018.27,NA
2018.27,MNsv,13,2018.27,NA
2018.27,BXsv,NA,2018.27,NA
2018.27,QNsv,6.66,2018.27,NA
2017.6,BKsv,29.45,2017.6,NA
2017.6,MNsv,13,2017.6,NA
2017.6,BXsv,NA,2017.6,NA
2017.6,QNsv,6.66,2017.6,NA
2022,BKsv,29.45,2022,NA
2022,MNsv,13,2022,NA
2022,BXsv,NA,2022,NA
2022,QNsv,6.66,2022,NA
2018.35,BKsv,30.34,2018.35,NA
2018.35,MNsv,12.37,2018.35,NA
2018.35,BXsv,NA,2018.35,NA
2018.35,QNsv,NA,2018.35,NA
2017.72,BKsv,30.34,2017.72,NA
2017.72,MNsv,12.37,2017.72,NA
2017.72,BXsv,NA,2017.72,NA
2017.72,QNsv,NA,2017.72,NA
2018.42,BKsv,31.09,2018.42,NA
2018.42,MNsv,12.27,2018.42,NA
2018.42,BXsv,NA,2018.42,NA
2018.42,QNsv,NA,2018.42,NA
2017.92,BKsv,31.09,2017.92,NA
2017.92,MNsv,12.27,2017.92,NA
2017.92,BXsv,NA,2017.92,NA
2017.92,QNsv,NA,2017.92,NA
2018.51,BKsv,31.87,2018.51,NA
2018.51,MNsv,12.81,2018.51,NA
2018.51,BXsv,NA,2018.51,NA
2018.51,QNsv,NA,2018.51,NA
2018.12,BKsv,31.87,2018.12,NA
2018.12,MNsv,12.81,2018.12,NA
2018.12,BXsv,NA,2018.12,NA
2018.12,QNsv,NA,2018.12,NA
2018.66,BKsv,32.5,2018.66,NA
2018.66,MNsv,13.58,2018.66,NA
2018.66,BXsv,NA,2018.66,NA
2018.66,QNsv,NA,2018.66,NA
2018.31,BKsv,32.5,2018.31,NA
2018.31,MNsv,13.58,2018.31,NA
2018.31,BXsv,NA,2018.31,NA
2018.31,QNsv,NA,2018.31,NA
2018.83,BKsv,32.14,2018.83,NA
2018.83,MNsv,14.34,2018.83,NA
2018.83,BXsv,NA,2018.83,NA
2018.83,QNsv,NA,2018.83,NA
2018.48,BKsv,32.14,2018.48,NA
2018.48,MNsv,14.34,2018.48,NA
2018.48,BXsv,NA,2018.48,NA
2018.48,QNsv,NA,2018.48,NA
2018.93,BKsv,31.25,2018.93,NA
2018.93,MNsv,15.01,2018.93,NA
2018.93,BXsv,NA,2018.93,NA
2018.93,QNsv,NA,2018.93,NA
2018.66,BKsv,31.25,2018.66,NA
2018.66,MNsv,15.01,2018.66,NA
2019.01,BKsv,30.44,2019.01,NA
2019.01,MNsv,15.48,2019.01,NA
2019.01,BXsv,NA,2019.01,NA
2019.01,QNsv,NA,2019.01,NA
2018.87,BKsv,30.44,2018.87,NA
2018.87,MNsv,15.48,2018.87,NA
2018.87,BXsv,NA,2018.87,NA
2018.87,QNsv,NA,2018.87,NA
2019.08,BKsv,29.68,2019.08,NA
2019.08,MNsv,15.99,2019.08,NA
2019.08,BXsv,NA,2019.08,NA
2019.08,QNsv,NA,2019.08,NA
2019.07,BKsv,29.68,2019.07,NA
2019.07,MNsv,15.99,2019.07,NA
2019.07,BXsv,NA,2019.07,NA
2019.07,QNsv,NA,2019.07,NA
2019.14,BKsv,28.88,2019.14,NA
2019.14,MNsv,16.45,2019.14,NA
2019.14,BXsv,NA,2019.14,NA
2019.14,QNsv,NA,2019.14,NA
2019.28,BKsv,28.88,2019.28,NA
2019.28,MNsv,16.45,2019.28,NA
2019.28,BXsv,NA,2019.28,NA
2019.28,QNsv,NA,2019.28,NA
2019.19,BKsv,28.09,2019.19,NA
2019.19,MNsv,16.68,2019.19,NA
2019.19,BXsv,NA,2019.19,NA
2019.19,QNsv,NA,2019.19,NA
2019.48,BKsv,28.09,2019.48,NA
2019.48,MNsv,16.68,2019.48,NA
2019.48,BXsv,NA,2019.48,NA
2019.48,QNsv,NA,2019.48,NA
2019.24,BKsv,27.34,2019.24,NA
2019.24,MNsv,16.48,2019.24,NA
2019.24,BXsv,NA,2019.24,NA
2019.24,QNsv,NA,2019.24,NA
2019.69,BKsv,27.34,2019.69,NA
2019.69,MNsv,16.48,2019.69,NA
2019.69,BXsv,NA,2019.69,NA
2019.69,QNsv,NA,2019.69,NA
2019.3,BKsv,26.56,2019.3,NA
2019.3,MNsv,15.79,2019.3,NA
2019.3,BXsv,NA,2019.3,NA
2019.3,QNsv,NA,2019.3,NA
2019.85,BKsv,26.56,2019.85,NA
2019.85,MNsv,15.79,2019.85,NA
2019.85,BXsv,NA,2019.85,NA
2019.85,QNsv,NA,2019.85,NA
2019.35,BKsv,25.7,2019.35,NA
2019.35,MNsv,14.86,2019.35,NA
2019.35,BXsv,NA,2019.35,NA
2019.35,QNsv,NA,2019.35,NA
2019.96,BKsv,25.7,2019.96,NA
2019.96,MNsv,14.86,2019.96,NA
2019.96,BXsv,NA,2019.96,NA
2019.96,QNsv,NA,2019.96,NA
2019.41,BKsv,24.83,2019.41,NA
2019.41,MNsv,13.97,2019.41,NA
2019.41,BXsv,NA,2019.41,NA
2019.41,QNsv,NA,2019.41,NA
2020.06,BKsv,24.83,2020.06,NA
2020.06,MNsv,13.97,2020.06,NA
2020.06,BXsv,NA,2020.06,NA
2020.06,QNsv,NA,2020.06,NA
2019.46,BKsv,23.97,2019.46,NA
2019.46,MNsv,13.15,2019.46,NA
2019.46,BXsv,NA,2019.46,NA
2019.46,QNsv,NA,2019.46,NA
2020.13,BKsv,23.97,2020.13,NA
2020.13,MNsv,13.15,2020.13,NA
2020.13,BXsv,NA,2020.13,NA
2020.13,QNsv,NA,2020.13,NA
2019.52,BKsv,23.13,2019.52,NA
2019.52,MNsv,12.38,2019.52,NA
2019.52,BXsv,NA,2019.52,NA
2019.52,QNsv,NA,2019.52,NA
2020.2,BKsv,23.13,2020.2,NA
2020.2,MNsv,12.38,2020.2,NA
2020.2,BXsv,NA,2020.2,NA
2020.2,QNsv,NA,2020.2,NA
2019.58,BKsv,22.26,2019.58,NA
2019.58,MNsv,11.57,2019.58,NA
2019.58,BXsv,NA,2019.58,NA
2019.58,QNsv,NA,2019.58,NA
2020.26,BKsv,22.26,2020.26,NA
2020.26,MNsv,11.57,2020.26,NA
2020.26,BXsv,NA,2020.26,NA
2020.26,QNsv,NA,2020.26,NA
2019.64,BKsv,21.44,2019.64,NA
2019.64,MNsv,10.74,2019.64,NA
2019.64,BXsv,NA,2019.64,NA
2019.64,QNsv,NA,2019.64,NA
2020.33,BKsv,21.44,2020.33,NA
2020.33,MNsv,10.74,2020.33,NA
2020.33,BXsv,NA,2020.33,NA
2020.33,QNsv,NA,2020.33,NA
2019.7,BKsv,20.73,2019.7,NA
2019.7,MNsv,9.94,2019.7,NA
2019.7,BXsv,NA,2019.7,NA
2019.7,QNsv,NA,2019.7,NA
2020.39,BKsv,20.73,2020.39,NA
2020.39,MNsv,9.94,2020.39,NA
2020.39,BXsv,NA,2020.39,NA
2020.39,QNsv,NA,2020.39,NA
2019.78,BKsv,19.97,2019.78,NA
2019.78,MNsv,9.22,2019.78,NA
2019.78,BXsv,NA,2019.78,NA
2019.78,QNsv,NA,2019.78,NA
2020.44,BKsv,19.97,2020.44,NA
2020.44,MNsv,9.22,2020.44,NA
2020.44,BXsv,NA,2020.44,NA
2020.44,QNsv,NA,2020.44,NA
2019.87,BKsv,19.31,2019.87,NA
2019.87,MNsv,8.49,2019.87,NA
2019.87,BXsv,NA,2019.87,NA
2019.87,QNsv,NA,2019.87,NA
2020.5,BKsv,19.31,2020.5,NA
2020.5,MNsv,8.49,2020.5,NA
2020.5,BXsv,NA,2020.5,NA
2020.5,QNsv,NA,2020.5,NA
2020,BKsv,18.57,2020,NA
2020,MNsv,7.75,2020,NA
2020,BXsv,NA,2020,NA
2020,QNsv,NA,2020,NA
2020.55,BKsv,18.57,2020.55,NA
2020.55,MNsv,7.75,2020.55,NA
2020.55,BXsv,NA,2020.55,NA
2020.55,QNsv,NA,2020.55,NA
2020.15,BKsv,17.85,2020.15,NA
2020.15,MNsv,6.92,2020.15,NA
2020.15,BXsv,NA,2020.15,NA
2020.15,QNsv,NA,2020.15,NA
2020.63,BKsv,17.85,2020.63,NA
2020.63,MNsv,6.92,2020.63,NA
2020.63,BXsv,NA,2020.63,NA
2020.63,QNsv,NA,2020.63,NA
2020.34,BKsv,17.15,2020.34,NA
2020.34,MNsv,6.09,2020.34,NA
2020.34,BXsv,NA,2020.34,NA
2020.34,QNsv,NA,2020.34,NA
2020.72,BKsv,17.15,2020.72,NA
2020.72,MNsv,6.09,2020.72,NA
2020.72,BXsv,NA,2020.72,NA
2020.72,QNsv,NA,2020.72,NA
2020.54,BKsv,16.54,2020.54,NA
2020.54,MNsv,5.48,2020.54,NA
2020.54,BXsv,NA,2020.54,NA
2020.54,QNsv,NA,2020.54,NA
2020.83,BKsv,16.54,2020.83,NA
2020.83,MNsv,5.48,2020.83,NA
2020.83,BXsv,NA,2020.83,NA
2020.83,QNsv,NA,2020.83,NA
2020.75,BKsv,16.01,2020.75,NA
2020.75,MNsv,4.65,2020.75,NA
2020.75,BXsv,NA,2020.75,NA
2020.75,QNsv,NA,2020.75,NA
2020.97,BKsv,16.01,2020.97,NA
2020.97,MNsv,4.65,2020.97,NA
2020.97,BXsv,NA,2020.97,NA
2020.97,QNsv,NA,2020.97,NA
2020.95,BKsv,15.48,2020.95,NA
2020.95,MNsv,4.47,2020.95,NA
2020.95,BXsv,NA,2020.95,NA
2020.95,QNsv,NA,2020.95,NA
2021.18,BKsv,15.48,2021.18,NA
2021.18,MNsv,4.47,2021.18,NA
2021.18,BXsv,NA,2021.18,NA
2021.18,QNsv,NA,2021.18,NA
2021.16,BKsv,15.06,2021.16,NA
2021.16,MNsv,4.66,2021.16,NA
2021.16,BXsv,NA,2021.16,NA
2021.16,QNsv,NA,2021.16,NA
2021.38,BKsv,15.06,2021.38,NA
2021.38,MNsv,4.66,2021.38,NA
2021.38,BXsv,NA,2021.38,NA
2021.38,QNsv,NA,2021.38,NA
2021.36,BKsv,14.75,2021.36,NA
2021.36,MNsv,5.06,2021.36,NA
2021.36,BXsv,NA,2021.36,NA
2021.36,QNsv,NA,2021.36,NA
2021.59,BKsv,14.75,2021.59,NA
2021.59,MNsv,5.06,2021.59,NA
2021.59,BXsv,NA,2021.59,NA
2021.59,QNsv,NA,2021.59,NA
2021.57,BKsv,14.5,2021.57,NA
2021.57,MNsv,5.48,2021.57,NA
2021.57,BXsv,NA,2021.57,NA
2021.57,QNsv,NA,2021.57,NA
2021.79,BKsv,14.5,2021.79,NA
2021.79,MNsv,5.48,2021.79,NA
2021.79,BXsv,NA,2021.79,NA
2021.79,QNsv,NA,2021.79,NA
2021.77,BKsv,14.26,2021.77,NA
2021.77,MNsv,5.69,2021.77,NA
2021.77,BXsv,NA,2021.77,NA
2021.77,QNsv,NA,2021.77,NA
2021.95,BKsv,14.26,2021.95,NA
2021.95,MNsv,5.69,2021.95,NA
2021.95,BXsv,NA,2021.95,NA
2021.95,QNsv,NA,2021.95,NA
2021.94,BKsv,14.05,2021.94,NA
2021.94,MNsv,NA,2021.94,NA
2021.94,BXsv,NA,2021.94,NA
2021.94,QNsv,NA,2021.94,NA
